[{"model": "admin.logentry", "pk": 1, "fields": {"action_time": "2025-08-13T08:06:49.237Z", "user": 1, "content_type": 9, "object_id": "1", "object_repr": "دستبند", "action_flag": 1, "change_message": "[{\"added\": {}}]"}}, {"model": "admin.logentry", "pk": 2, "fields": {"action_time": "2025-08-13T08:07:04.567Z", "user": 1, "content_type": 9, "object_id": "2", "object_repr": "گردنبند", "action_flag": 1, "change_message": "[{\"added\": {}}]"}}, {"model": "admin.logentry", "pk": 3, "fields": {"action_time": "2025-08-13T08:07:34.616Z", "user": 1, "content_type": 9, "object_id": "3", "object_repr": "انگشتر", "action_flag": 1, "change_message": "[{\"added\": {}}]"}}, {"model": "admin.logentry", "pk": 4, "fields": {"action_time": "2025-08-13T08:07:54.011Z", "user": 1, "content_type": 9, "object_id": "4", "object_repr": "گوشواره", "action_flag": 1, "change_message": "[{\"added\": {}}]"}}, {"model": "admin.logentry", "pk": 5, "fields": {"action_time": "2025-08-13T08:08:04.338Z", "user": 1, "content_type": 9, "object_id": "5", "object_repr": "ست", "action_flag": 1, "change_message": "[{\"added\": {}}]"}}, {"model": "admin.logentry", "pk": 6, "fields": {"action_time": "2025-08-13T08:08:20.497Z", "user": 1, "content_type": 9, "object_id": "6", "object_repr": "پابند", "action_flag": 1, "change_message": "[{\"added\": {}}]"}}, {"model": "admin.logentry", "pk": 7, "fields": {"action_time": "2025-08-13T08:12:33.024Z", "user": 1, "content_type": 11, "object_id": "1", "object_repr": "دستبند کشی", "action_flag": 1, "change_message": "[{\"added\": {}}]"}}, {"model": "admin.logentry", "pk": 8, "fields": {"action_time": "2025-08-13T08:13:40.326Z", "user": 1, "content_type": 11, "object_id": "2", "object_repr": "گوشواره بابونه", "action_flag": 1, "change_message": "[{\"added\": {}}]"}}, {"model": "admin.logentry", "pk": 9, "fields": {"action_time": "2025-08-13T08:14:11.492Z", "user": 1, "content_type": 14, "object_id": "1", "object_repr": "دستبند کشی - 15 سانت - مشکی", "action_flag": 1, "change_message": "[{\"added\": {}}]"}}, {"model": "admin.logentry", "pk": 10, "fields": {"action_time": "2025-08-13T08:14:48.535Z", "user": 1, "content_type": 14, "object_id": "2", "object_repr": "دستبند کشی - 17 سانت - مشکی", "action_flag": 1, "change_message": "[{\"added\": {}}]"}}, {"model": "admin.logentry", "pk": 11, "fields": {"action_time": "2025-08-13T08:15:02.633Z", "user": 1, "content_type": 14, "object_id": "3", "object_repr": "دستبند کشی - 15 سانت - قرمز", "action_flag": 1, "change_message": "[{\"added\": {}}]"}}, {"model": "admin.logentry", "pk": 12, "fields": {"action_time": "2025-08-13T15:18:54.902Z", "user": 1, "content_type": 14, "object_id": "3", "object_repr": "سایز 14 سانت", "action_flag": 2, "change_message": "[{\"changed\": {\"fields\": [\"Title\", \"Price\"]}}]"}}, {"model": "admin.logentry", "pk": 13, "fields": {"action_time": "2025-08-13T15:19:04.703Z", "user": 1, "content_type": 14, "object_id": "2", "object_repr": "رنگ آبی", "action_flag": 2, "change_message": "[{\"changed\": {\"fields\": [\"Title\", \"Price\"]}}]"}}, {"model": "admin.logentry", "pk": 14, "fields": {"action_time": "2025-08-13T15:19:15.596Z", "user": 1, "content_type": 14, "object_id": "1", "object_repr": "رنگ قرمز", "action_flag": 2, "change_message": "[{\"changed\": {\"fields\": [\"Title\", \"Price\"]}}]"}}, {"model": "admin.logentry", "pk": 15, "fields": {"action_time": "2025-08-13T16:08:35.789Z", "user": 1, "content_type": 13, "object_id": "1", "object_repr": "09391768990", "action_flag": 1, "change_message": "[{\"added\": {}}]"}}, {"model": "admin.logentry", "pk": 16, "fields": {"action_time": "2025-08-13T16:09:02.554Z", "user": 1, "content_type": 13, "object_id": "2", "object_repr": "09331245586", "action_flag": 1, "change_message": "[{\"added\": {}}]"}}, {"model": "admin.logentry", "pk": 17, "fields": {"action_time": "2025-08-13T16:14:28.073Z", "user": 1, "content_type": 13, "object_id": "3", "object_repr": "09332245586", "action_flag": 1, "change_message": "[{\"added\": {}}]"}}, {"model": "admin.logentry", "pk": 18, "fields": {"action_time": "2025-08-13T16:14:40.350Z", "user": 1, "content_type": 13, "object_id": "4", "object_repr": "09141452233", "action_flag": 1, "change_message": "[{\"added\": {}}]"}}, {"model": "admin.logentry", "pk": 19, "fields": {"action_time": "2025-08-13T16:14:49.214Z", "user": 1, "content_type": 13, "object_id": "4", "object_repr": "احسان ", "action_flag": 2, "change_message": "[{\"changed\": {\"fields\": [\"First name\"]}}]"}}, {"model": "admin.logentry", "pk": 20, "fields": {"action_time": "2025-08-13T16:15:45.029Z", "user": 1, "content_type": 7, "object_id": "1", "object_repr": "علیرضا حاجی پور - خوی", "action_flag": 1, "change_message": "[{\"added\": {}}]"}}, {"model": "admin.logentry", "pk": 21, "fields": {"action_time": "2025-08-13T16:18:01.957Z", "user": 1, "content_type": 8, "object_id": "1", "object_repr": "سبک و استایل", "action_flag": 1, "change_message": "[{\"added\": {}}]"}}, {"model": "admin.logentry", "pk": 22, "fields": {"action_time": "2025-08-13T16:18:37.803Z", "user": 1, "content_type": 8, "object_id": "2", "object_repr": "راهنمای خرید و نگهداری", "action_flag": 1, "change_message": "[{\"added\": {}}]"}}, {"model": "admin.logentry", "pk": 23, "fields": {"action_time": "2025-08-13T16:21:46.017Z", "user": 1, "content_type": 16, "object_id": "1", "object_repr": "ترند های 2024", "action_flag": 1, "change_message": "[{\"added\": {}}]"}}, {"model": "admin.logentry", "pk": 24, "fields": {"action_time": "2025-08-13T16:24:33.462Z", "user": 1, "content_type": 10, "object_id": "1", "object_repr": "Order #1 - 09391768990", "action_flag": 1, "change_message": "[{\"added\": {}}]"}}, {"model": "admin.logentry", "pk": 25, "fields": {"action_time": "2025-08-13T16:28:47.443Z", "user": 1, "content_type": 15, "object_id": "1", "object_repr": "گوشواره بابونه x 1", "action_flag": 1, "change_message": "[{\"added\": {}}]"}}, {"model": "admin.logentry", "pk": 26, "fields": {"action_time": "2025-08-13T16:29:17.574Z", "user": 1, "content_type": 15, "object_id": "1", "object_repr": "گوشواره بابونه x 1", "action_flag": 3, "change_message": ""}}, {"model": "admin.logentry", "pk": 27, "fields": {"action_time": "2025-08-13T16:29:43.934Z", "user": 1, "content_type": 15, "object_id": "2", "object_repr": "دستبند کشی x 2", "action_flag": 1, "change_message": "[{\"added\": {}}]"}}, {"model": "admin.logentry", "pk": 28, "fields": {"action_time": "2025-08-13T16:30:45.916Z", "user": 1, "content_type": 12, "object_id": "1", "object_repr": "SAVE20", "action_flag": 1, "change_message": "[{\"added\": {}}]"}}, {"model": "admin.logentry", "pk": 29, "fields": {"action_time": "2025-08-13T16:31:05.216Z", "user": 1, "content_type": 17, "object_id": "1", "object_repr": "SAVE20 - 09391768990 (Unused)", "action_flag": 1, "change_message": "[{\"added\": {}}]"}}, {"model": "admin.logentry", "pk": 30, "fields": {"action_time": "2025-08-14T14:09:29.214Z", "user": 1, "content_type": 11, "object_id": "1", "object_repr": "دستبند کشی", "action_flag": 2, "change_message": "[{\"changed\": {\"fields\": [\"Image\"]}}]"}}, {"model": "admin.logentry", "pk": 31, "fields": {"action_time": "2025-08-14T14:09:37.748Z", "user": 1, "content_type": 11, "object_id": "2", "object_repr": "گوشواره بابونه", "action_flag": 2, "change_message": "[{\"changed\": {\"fields\": [\"Image\"]}}]"}}, {"model": "admin.logentry", "pk": 32, "fields": {"action_time": "2025-08-14T14:13:13.742Z", "user": 1, "content_type": 11, "object_id": "2", "object_repr": "گوشواره بابونه", "action_flag": 2, "change_message": "[{\"changed\": {\"fields\": [\"Image\"]}}]"}}, {"model": "admin.logentry", "pk": 33, "fields": {"action_time": "2025-08-14T14:13:19.109Z", "user": 1, "content_type": 11, "object_id": "1", "object_repr": "دستبند کشی", "action_flag": 2, "change_message": "[{\"changed\": {\"fields\": [\"Image\"]}}]"}}, {"model": "admin.logentry", "pk": 34, "fields": {"action_time": "2025-08-14T14:20:18.004Z", "user": 1, "content_type": 14, "object_id": "4", "object_repr": "طرح 1", "action_flag": 1, "change_message": "[{\"added\": {}}]"}}, {"model": "admin.logentry", "pk": 35, "fields": {"action_time": "2025-08-14T16:05:01.788Z", "user": 1, "content_type": 11, "object_id": "3", "object_repr": "پابند استیل", "action_flag": 1, "change_message": "[{\"added\": {}}]"}}, {"model": "admin.logentry", "pk": 36, "fields": {"action_time": "2025-08-14T16:05:16.869Z", "user": 1, "content_type": 14, "object_id": "5", "object_repr": "سایز 10", "action_flag": 1, "change_message": "[{\"added\": {}}]"}}, {"model": "admin.logentry", "pk": 37, "fields": {"action_time": "2025-08-14T16:05:32.956Z", "user": 1, "content_type": 14, "object_id": "6", "object_repr": "سایز 15", "action_flag": 1, "change_message": "[{\"added\": {}}]"}}, {"model": "admin.logentry", "pk": 38, "fields": {"action_time": "2025-08-14T16:05:49.795Z", "user": 1, "content_type": 14, "object_id": "7", "object_repr": "سایز 20", "action_flag": 1, "change_message": "[{\"added\": {}}]"}}, {"model": "admin.logentry", "pk": 39, "fields": {"action_time": "2025-08-15T09:32:43.095Z", "user": 1, "content_type": 18, "object_id": "1", "object_repr": "Image for گوشواره بابونه", "action_flag": 1, "change_message": "[{\"added\": {}}]"}}, {"model": "admin.logentry", "pk": 40, "fields": {"action_time": "2025-08-15T09:32:52.458Z", "user": 1, "content_type": 18, "object_id": "2", "object_repr": "Image for گوشواره بابونه", "action_flag": 1, "change_message": "[{\"added\": {}}]"}}, {"model": "admin.logentry", "pk": 41, "fields": {"action_time": "2025-08-15T09:33:24.535Z", "user": 1, "content_type": 18, "object_id": "3", "object_repr": "Image for گوشواره بابونه", "action_flag": 1, "change_message": "[{\"added\": {}}]"}}, {"model": "admin.logentry", "pk": 42, "fields": {"action_time": "2025-08-15T09:33:38.087Z", "user": 1, "content_type": 18, "object_id": "4", "object_repr": "Image for دستبند کشی", "action_flag": 1, "change_message": "[{\"added\": {}}]"}}, {"model": "admin.logentry", "pk": 43, "fields": {"action_time": "2025-08-15T09:33:43.446Z", "user": 1, "content_type": 18, "object_id": "5", "object_repr": "Image for دستبند کشی", "action_flag": 1, "change_message": "[{\"added\": {}}]"}}, {"model": "admin.logentry", "pk": 44, "fields": {"action_time": "2025-08-15T09:33:49.389Z", "user": 1, "content_type": 18, "object_id": "6", "object_repr": "Image for پابند استیل", "action_flag": 1, "change_message": "[{\"added\": {}}]"}}, {"model": "admin.logentry", "pk": 45, "fields": {"action_time": "2025-08-15T10:13:33.429Z", "user": 1, "content_type": 14, "object_id": "8", "object_repr": "سایز 15 سانت", "action_flag": 1, "change_message": "[{\"added\": {}}]"}}, {"model": "admin.logentry", "pk": 46, "fields": {"action_time": "2025-08-15T10:14:35.676Z", "user": 1, "content_type": 14, "object_id": "8", "object_repr": "سایز 15 سانت", "action_flag": 3, "change_message": ""}}, {"model": "admin.logentry", "pk": 47, "fields": {"action_time": "2025-08-15T10:14:46.121Z", "user": 1, "content_type": 14, "object_id": "9", "object_repr": "سایز 15", "action_flag": 1, "change_message": "[{\"added\": {}}]"}}, {"model": "admin.logentry", "pk": 48, "fields": {"action_time": "2025-08-15T10:17:38.162Z", "user": 1, "content_type": 14, "object_id": "9", "object_repr": "سایز 15", "action_flag": 3, "change_message": ""}}, {"model": "admin.logentry", "pk": 49, "fields": {"action_time": "2025-08-15T10:17:52.650Z", "user": 1, "content_type": 14, "object_id": "10", "object_repr": "سایز 15", "action_flag": 1, "change_message": "[{\"added\": {}}]"}}, {"model": "admin.logentry", "pk": 50, "fields": {"action_time": "2025-08-15T10:22:44.802Z", "user": 1, "content_type": 14, "object_id": "11", "object_repr": "سایز 18", "action_flag": 1, "change_message": "[{\"added\": {}}]"}}, {"model": "admin.logentry", "pk": 51, "fields": {"action_time": "2025-08-16T09:05:35.188Z", "user": 1, "content_type": 12, "object_id": "2", "object_repr": "HAPPYBIRTH", "action_flag": 1, "change_message": "[{\"added\": {}}]"}}, {"model": "admin.logentry", "pk": 52, "fields": {"action_time": "2025-08-16T09:05:44.102Z", "user": 1, "content_type": 17, "object_id": "2", "object_repr": "HAPPYBIRTH - 09391768990 (Unused)", "action_flag": 1, "change_message": "[{\"added\": {}}]"}}, {"model": "admin.logentry", "pk": 53, "fields": {"action_time": "2025-08-16T09:05:58.553Z", "user": 1, "content_type": 17, "object_id": "2", "object_repr": "HAPPYBIRTH - 09331245586 (Unused)", "action_flag": 2, "change_message": "[{\"changed\": {\"fields\": [\"User\"]}}]"}}, {"model": "admin.logentry", "pk": 54, "fields": {"action_time": "2025-08-16T16:45:38.131Z", "user": 1, "content_type": 12, "object_id": "1", "object_repr": "SAVE20", "action_flag": 2, "change_message": "[{\"changed\": {\"fields\": [\"Expire date\"]}}]"}}, {"model": "admin.logentry", "pk": 55, "fields": {"action_time": "2025-08-16T16:49:51.602Z", "user": 1, "content_type": 12, "object_id": "3", "object_repr": "FOTHER", "action_flag": 1, "change_message": "[{\"added\": {}}]"}}, {"model": "admin.logentry", "pk": 56, "fields": {"action_time": "2025-08-16T17:05:23.866Z", "user": 1, "content_type": 12, "object_id": "3", "object_repr": "FOTHER", "action_flag": 2, "change_message": "[{\"changed\": {\"fields\": [\"Expire date\"]}}]"}}, {"model": "admin.logentry", "pk": 57, "fields": {"action_time": "2025-08-16T17:18:32.210Z", "user": 1, "content_type": 17, "object_id": "5", "object_repr": "SAVE20 - 09331245586 (Unused)", "action_flag": 3, "change_message": ""}}, {"model": "admin.logentry", "pk": 58, "fields": {"action_time": "2025-08-16T17:18:32.212Z", "user": 1, "content_type": 17, "object_id": "4", "object_repr": "FOTHER - 09331245586 (Unused)", "action_flag": 3, "change_message": ""}}, {"model": "admin.logentry", "pk": 59, "fields": {"action_time": "2025-08-16T17:18:32.212Z", "user": 1, "content_type": 17, "object_id": "3", "object_repr": "FOTHER - 09391768990 (Unused)", "action_flag": 3, "change_message": ""}}, {"model": "admin.logentry", "pk": 60, "fields": {"action_time": "2025-08-16T17:18:39.450Z", "user": 1, "content_type": 12, "object_id": "1", "object_repr": "SAVE20", "action_flag": 2, "change_message": "[{\"changed\": {\"fields\": [\"Is global\"]}}]"}}, {"model": "admin.logentry", "pk": 61, "fields": {"action_time": "2025-08-16T17:18:49.619Z", "user": 1, "content_type": 12, "object_id": "3", "object_repr": "FOTHER", "action_flag": 2, "change_message": "[{\"changed\": {\"fields\": [\"Free shipping\"]}}]"}}, {"model": "admin.logentry", "pk": 62, "fields": {"action_time": "2025-08-16T17:20:50.992Z", "user": 1, "content_type": 12, "object_id": "3", "object_repr": "FOTHER", "action_flag": 2, "change_message": "[{\"changed\": {\"fields\": [\"Expire date\"]}}]"}}, {"model": "admin.logentry", "pk": 63, "fields": {"action_time": "2025-08-16T17:21:36.336Z", "user": 1, "content_type": 12, "object_id": "1", "object_repr": "SAVE20", "action_flag": 2, "change_message": "[]"}}, {"model": "admin.logentry", "pk": 64, "fields": {"action_time": "2025-08-16T17:32:08.205Z", "user": 1, "content_type": 12, "object_id": "3", "object_repr": "FOTHER", "action_flag": 2, "change_message": "[{\"changed\": {\"fields\": [\"Expire date\"]}}]"}}, {"model": "admin.logentry", "pk": 65, "fields": {"action_time": "2025-08-17T08:40:00.788Z", "user": 1, "content_type": 12, "object_id": "4", "object_repr": "FREE", "action_flag": 1, "change_message": "[{\"added\": {}}]"}}, {"model": "admin.logentry", "pk": 66, "fields": {"action_time": "2025-08-17T16:02:35.002Z", "user": 1, "content_type": 7, "object_id": "2", "object_repr": "فاطمه حاجی پور - خوی", "action_flag": 1, "change_message": "[{\"added\": {}}]"}}, {"model": "admin.logentry", "pk": 67, "fields": {"action_time": "2025-08-18T07:39:22.796Z", "user": 1, "content_type": 7, "object_id": "3", "object_repr": "علیرضا جعفری - ارومیه", "action_flag": 3, "change_message": ""}}, {"model": "admin.logentry", "pk": 68, "fields": {"action_time": "2025-08-18T08:41:56.880Z", "user": 1, "content_type": 7, "object_id": "6", "object_repr": "علیرضا حاجی پور - ارومیه", "action_flag": 3, "change_message": ""}}, {"model": "admin.logentry", "pk": 69, "fields": {"action_time": "2025-08-18T08:41:56.883Z", "user": 1, "content_type": 7, "object_id": "5", "object_repr": "علیرضا حاجی پور - ارومیه", "action_flag": 3, "change_message": ""}}, {"model": "auth.permission", "pk": 1, "fields": {"name": "Can add log entry", "content_type": 1, "codename": "add_logentry"}}, {"model": "auth.permission", "pk": 2, "fields": {"name": "Can change log entry", "content_type": 1, "codename": "change_logentry"}}, {"model": "auth.permission", "pk": 3, "fields": {"name": "Can delete log entry", "content_type": 1, "codename": "delete_logentry"}}, {"model": "auth.permission", "pk": 4, "fields": {"name": "Can view log entry", "content_type": 1, "codename": "view_logentry"}}, {"model": "auth.permission", "pk": 5, "fields": {"name": "Can add permission", "content_type": 2, "codename": "add_permission"}}, {"model": "auth.permission", "pk": 6, "fields": {"name": "Can change permission", "content_type": 2, "codename": "change_permission"}}, {"model": "auth.permission", "pk": 7, "fields": {"name": "Can delete permission", "content_type": 2, "codename": "delete_permission"}}, {"model": "auth.permission", "pk": 8, "fields": {"name": "Can view permission", "content_type": 2, "codename": "view_permission"}}, {"model": "auth.permission", "pk": 9, "fields": {"name": "Can add group", "content_type": 3, "codename": "add_group"}}, {"model": "auth.permission", "pk": 10, "fields": {"name": "Can change group", "content_type": 3, "codename": "change_group"}}, {"model": "auth.permission", "pk": 11, "fields": {"name": "Can delete group", "content_type": 3, "codename": "delete_group"}}, {"model": "auth.permission", "pk": 12, "fields": {"name": "Can view group", "content_type": 3, "codename": "view_group"}}, {"model": "auth.permission", "pk": 13, "fields": {"name": "Can add content type", "content_type": 5, "codename": "add_contenttype"}}, {"model": "auth.permission", "pk": 14, "fields": {"name": "Can change content type", "content_type": 5, "codename": "change_contenttype"}}, {"model": "auth.permission", "pk": 15, "fields": {"name": "Can delete content type", "content_type": 5, "codename": "delete_contenttype"}}, {"model": "auth.permission", "pk": 16, "fields": {"name": "Can view content type", "content_type": 5, "codename": "view_contenttype"}}, {"model": "auth.permission", "pk": 17, "fields": {"name": "Can add session", "content_type": 6, "codename": "add_session"}}, {"model": "auth.permission", "pk": 18, "fields": {"name": "Can change session", "content_type": 6, "codename": "change_session"}}, {"model": "auth.permission", "pk": 19, "fields": {"name": "Can delete session", "content_type": 6, "codename": "delete_session"}}, {"model": "auth.permission", "pk": 20, "fields": {"name": "Can view session", "content_type": 6, "codename": "view_session"}}, {"model": "auth.permission", "pk": 21, "fields": {"name": "Can add address", "content_type": 7, "codename": "add_address"}}, {"model": "auth.permission", "pk": 22, "fields": {"name": "Can change address", "content_type": 7, "codename": "change_address"}}, {"model": "auth.permission", "pk": 23, "fields": {"name": "Can delete address", "content_type": 7, "codename": "delete_address"}}, {"model": "auth.permission", "pk": 24, "fields": {"name": "Can view address", "content_type": 7, "codename": "view_address"}}, {"model": "auth.permission", "pk": 25, "fields": {"name": "Can add blog category", "content_type": 8, "codename": "add_blogcategory"}}, {"model": "auth.permission", "pk": 26, "fields": {"name": "Can change blog category", "content_type": 8, "codename": "change_blogcategory"}}, {"model": "auth.permission", "pk": 27, "fields": {"name": "Can delete blog category", "content_type": 8, "codename": "delete_blogcategory"}}, {"model": "auth.permission", "pk": 28, "fields": {"name": "Can view blog category", "content_type": 8, "codename": "view_blogcategory"}}, {"model": "auth.permission", "pk": 29, "fields": {"name": "Can add category", "content_type": 9, "codename": "add_category"}}, {"model": "auth.permission", "pk": 30, "fields": {"name": "Can change category", "content_type": 9, "codename": "change_category"}}, {"model": "auth.permission", "pk": 31, "fields": {"name": "Can delete category", "content_type": 9, "codename": "delete_category"}}, {"model": "auth.permission", "pk": 32, "fields": {"name": "Can view category", "content_type": 9, "codename": "view_category"}}, {"model": "auth.permission", "pk": 33, "fields": {"name": "Can add order", "content_type": 10, "codename": "add_order"}}, {"model": "auth.permission", "pk": 34, "fields": {"name": "Can change order", "content_type": 10, "codename": "change_order"}}, {"model": "auth.permission", "pk": 35, "fields": {"name": "Can delete order", "content_type": 10, "codename": "delete_order"}}, {"model": "auth.permission", "pk": 36, "fields": {"name": "Can view order", "content_type": 10, "codename": "view_order"}}, {"model": "auth.permission", "pk": 37, "fields": {"name": "Can add product", "content_type": 11, "codename": "add_product"}}, {"model": "auth.permission", "pk": 38, "fields": {"name": "Can change product", "content_type": 11, "codename": "change_product"}}, {"model": "auth.permission", "pk": 39, "fields": {"name": "Can delete product", "content_type": 11, "codename": "delete_product"}}, {"model": "auth.permission", "pk": 40, "fields": {"name": "Can view product", "content_type": 11, "codename": "view_product"}}, {"model": "auth.permission", "pk": 41, "fields": {"name": "Can add promo code", "content_type": 12, "codename": "add_promocode"}}, {"model": "auth.permission", "pk": 42, "fields": {"name": "Can change promo code", "content_type": 12, "codename": "change_promocode"}}, {"model": "auth.permission", "pk": 43, "fields": {"name": "Can delete promo code", "content_type": 12, "codename": "delete_promocode"}}, {"model": "auth.permission", "pk": 44, "fields": {"name": "Can view promo code", "content_type": 12, "codename": "view_promocode"}}, {"model": "auth.permission", "pk": 45, "fields": {"name": "Can add user", "content_type": 13, "codename": "add_user"}}, {"model": "auth.permission", "pk": 46, "fields": {"name": "Can change user", "content_type": 13, "codename": "change_user"}}, {"model": "auth.permission", "pk": 47, "fields": {"name": "Can delete user", "content_type": 13, "codename": "delete_user"}}, {"model": "auth.permission", "pk": 48, "fields": {"name": "Can view user", "content_type": 13, "codename": "view_user"}}, {"model": "auth.permission", "pk": 49, "fields": {"name": "Can add product variant", "content_type": 14, "codename": "add_productvariant"}}, {"model": "auth.permission", "pk": 50, "fields": {"name": "Can change product variant", "content_type": 14, "codename": "change_productvariant"}}, {"model": "auth.permission", "pk": 51, "fields": {"name": "Can delete product variant", "content_type": 14, "codename": "delete_productvariant"}}, {"model": "auth.permission", "pk": 52, "fields": {"name": "Can view product variant", "content_type": 14, "codename": "view_productvariant"}}, {"model": "auth.permission", "pk": 53, "fields": {"name": "Can add order item", "content_type": 15, "codename": "add_orderitem"}}, {"model": "auth.permission", "pk": 54, "fields": {"name": "Can change order item", "content_type": 15, "codename": "change_orderitem"}}, {"model": "auth.permission", "pk": 55, "fields": {"name": "Can delete order item", "content_type": 15, "codename": "delete_orderitem"}}, {"model": "auth.permission", "pk": 56, "fields": {"name": "Can view order item", "content_type": 15, "codename": "view_orderitem"}}, {"model": "auth.permission", "pk": 57, "fields": {"name": "Can add blog post", "content_type": 16, "codename": "add_blogpost"}}, {"model": "auth.permission", "pk": 58, "fields": {"name": "Can change blog post", "content_type": 16, "codename": "change_blogpost"}}, {"model": "auth.permission", "pk": 59, "fields": {"name": "Can delete blog post", "content_type": 16, "codename": "delete_blogpost"}}, {"model": "auth.permission", "pk": 60, "fields": {"name": "Can view blog post", "content_type": 16, "codename": "view_blogpost"}}, {"model": "auth.permission", "pk": 61, "fields": {"name": "Can add promo code user", "content_type": 17, "codename": "add_promocodeuser"}}, {"model": "auth.permission", "pk": 62, "fields": {"name": "Can change promo code user", "content_type": 17, "codename": "change_promocodeuser"}}, {"model": "auth.permission", "pk": 63, "fields": {"name": "Can delete promo code user", "content_type": 17, "codename": "delete_promocodeuser"}}, {"model": "auth.permission", "pk": 64, "fields": {"name": "Can view promo code user", "content_type": 17, "codename": "view_promocodeuser"}}, {"model": "auth.permission", "pk": 65, "fields": {"name": "Can add product image", "content_type": 18, "codename": "add_productimage"}}, {"model": "auth.permission", "pk": 66, "fields": {"name": "Can change product image", "content_type": 18, "codename": "change_productimage"}}, {"model": "auth.permission", "pk": 67, "fields": {"name": "Can delete product image", "content_type": 18, "codename": "delete_productimage"}}, {"model": "auth.permission", "pk": 68, "fields": {"name": "Can view product image", "content_type": 18, "codename": "view_productimage"}}, {"model": "contenttypes.contenttype", "pk": 1, "fields": {"app_label": "admin", "model": "logentry"}}, {"model": "contenttypes.contenttype", "pk": 2, "fields": {"app_label": "auth", "model": "permission"}}, {"model": "contenttypes.contenttype", "pk": 3, "fields": {"app_label": "auth", "model": "group"}}, {"model": "contenttypes.contenttype", "pk": 4, "fields": {"app_label": "auth", "model": "user"}}, {"model": "contenttypes.contenttype", "pk": 5, "fields": {"app_label": "contenttypes", "model": "contenttype"}}, {"model": "contenttypes.contenttype", "pk": 6, "fields": {"app_label": "sessions", "model": "session"}}, {"model": "contenttypes.contenttype", "pk": 7, "fields": {"app_label": "api", "model": "address"}}, {"model": "contenttypes.contenttype", "pk": 8, "fields": {"app_label": "api", "model": "blogcategory"}}, {"model": "contenttypes.contenttype", "pk": 9, "fields": {"app_label": "api", "model": "category"}}, {"model": "contenttypes.contenttype", "pk": 10, "fields": {"app_label": "api", "model": "order"}}, {"model": "contenttypes.contenttype", "pk": 11, "fields": {"app_label": "api", "model": "product"}}, {"model": "contenttypes.contenttype", "pk": 12, "fields": {"app_label": "api", "model": "promocode"}}, {"model": "contenttypes.contenttype", "pk": 13, "fields": {"app_label": "api", "model": "user"}}, {"model": "contenttypes.contenttype", "pk": 14, "fields": {"app_label": "api", "model": "productvariant"}}, {"model": "contenttypes.contenttype", "pk": 15, "fields": {"app_label": "api", "model": "orderitem"}}, {"model": "contenttypes.contenttype", "pk": 16, "fields": {"app_label": "api", "model": "blogpost"}}, {"model": "contenttypes.contenttype", "pk": 17, "fields": {"app_label": "api", "model": "promocodeuser"}}, {"model": "contenttypes.contenttype", "pk": 18, "fields": {"app_label": "api", "model": "productimage"}}, {"model": "sessions.session", "pk": "5t3ba0bw0tk70hesmpomi0myx8r2nsjn", "fields": {"session_data": "e30:1uwcS7:GfCEbpbQAeH_8Dq82a2CiJ8RPcRbxb92iqYZEadeCU0", "expire_date": "2025-09-25T08:14:47.729Z"}}, {"model": "sessions.session", "pk": "aojs9haolc5o4xgfbp3pa94vy5qjyvqt", "fields": {"session_data": ".eJxVjEEOwiAQAP_C2RCWALIevfsGsgtbqRqalPZk_Lsh6UGvM5N5q0T7VtPeZU1zURfl1OmXMeWntCHKg9p90Xlp2zqzHok-bNe3pcjrerR_g0q9ji1lCh7EGgD0U8kgMcZwDh6doDUOxVIAx4DswTBGa-2EGKKDUljU5wvCwTbz:1uwd7O:RtG_Tu6XcFoGmtUItdOJWcI1_-rXwu4TWWMIXf2l548", "expire_date": "2025-09-25T08:57:26.841Z"}}, {"model": "sessions.session", "pk": "qya9ea1ih9ae1eo5imlumfiz023p6cek", "fields": {"session_data": ".eJxVjMsOgjAURP-la9O0JX25dO83NPeFoIYmFFbEfxcSFrqcOWdmUwXWZShrk7mMrK4qqMtvh0AvmQ7AT5geVVOdlnlEfSj6pE3fK8v7drp_BwO0YV-Ld4kzRjDOGgESz8SYuAvZ7iGih8TUUxLsbDaJeycxEGcv6J1n9fkCEvc5MQ:1uwdKI:Bi38NSDJN09cvd07u7IkYvf55KQA1yY2NZetj6BjneI", "expire_date": "2025-09-25T09:10:46.544Z"}}, {"model": "sessions.session", "pk": "udk4nfvku86o299929rj3xsinfu4vjkw", "fields": {"session_data": "e30:1uwcPO:LZqLVqvit-GowkBUjlR9gWkLLtWQ-kx2iFWfKy_Al78", "expire_date": "2025-09-25T08:11:58.957Z"}}, {"model": "sessions.session", "pk": "vcb571aj33p9tgldrfslj12mqr7n7qu7", "fields": {"session_data": ".eJxVjDEOgzAMRe-SuYoI2CHu2J0zIMdOCm0FEoGp6t0LEkO7_vfef5uet3Xot5KWflRzNc5cfrfI8kzTAfTB0322Mk_rMkZ7KPakxXazptftdP8OBi7DXoNTdYChRRVCSIHAharxDFJ5qUPGgEpxV4A8cq45gyCJhhjbxpP5fAG-VDcy:1umYVD:q9i8qv9yRuDPBhywQyonUd5wWAKWqyV1PnerahQrt20", "expire_date": "2025-08-28T14:00:23.462Z"}}, {"model": "sessions.session", "pk": "wrwd0ji86s7wsbt555zfyg89u29i9164", "fields": {"session_data": ".eJxVjDEOgzAMRe-SuYoI2CHu2J0zIMdOCm0FEoGp6t0LEkO7_vfef5uet3Xot5KWflRzNc5cfrfI8kzTAfTB0322Mk_rMkZ7KPakxXazptftdP8OBi7DXoNTdYChRRVCSIHAharxDFJ5qUPGgEpxV4A8cq45gyCJhhjbxpP5fAG-VDcy:1ulsum:Ndl5ptSgg8junb_BXprZ7b2pYF0o3yjRzLZekVKpd4s", "expire_date": "2025-08-26T17:36:00.649Z"}}, {"model": "sessions.session", "pk": "xc5lth3k7an1d3tz511xs8i66malcb71", "fields": {"session_data": "e30:1uwcRP:lhuqpo1grbWy4vWYUlINs_-GCrwzQ8E75Viy9rIOl7w", "expire_date": "2025-09-25T08:14:03.025Z"}}, {"model": "api.user", "pk": 1, "fields": {"password": "12345", "last_login": null, "is_superuser": false, "phone": "09304295798", "first_name": "", "last_name": "", "email": "adas@gmail.com", "signup_date": "2025-08-13T16:08:35.787Z", "is_staff": false, "groups": [], "user_permissions": []}}, {"model": "api.user", "pk": 2, "fields": {"password": "12345", "last_login": null, "is_superuser": false, "phone": "09331245586", "first_name": "", "last_name": "", "email": "adas1@gmail.com", "signup_date": "2025-08-13T16:09:02.553Z", "is_staff": false, "groups": [], "user_permissions": []}}, {"model": "api.user", "pk": 3, "fields": {"password": "12345", "last_login": null, "is_superuser": false, "phone": "09332245586", "first_name": "", "last_name": "", "email": null, "signup_date": "2025-08-13T16:14:28.073Z", "is_staff": false, "groups": [], "user_permissions": []}}, {"model": "api.user", "pk": 4, "fields": {"password": "12345", "last_login": null, "is_superuser": false, "phone": "09141452233", "first_name": "", "last_name": "", "email": null, "signup_date": "2025-08-13T16:14:40.349Z", "is_staff": false, "groups": [], "user_permissions": []}}, {"model": "api.user", "pk": 5, "fields": {"password": "12345", "last_login": null, "is_superuser": true, "phone": "09304295788", "first_name": "", "last_name": "", "email": null, "signup_date": "2025-09-11T08:56:35.785Z", "is_staff": false, "groups": [], "user_permissions": []}}, {"model": "api.user", "pk": 6, "fields": {"password": "pbkdf2_sha256$600000$yZKya2AV142WU9aUaobjdR$8vwvxU2Mvmylw0iD0fxckXPnJRgXrStTcZ6eJ/8Pga4=", "last_login": "2025-09-11T09:10:46.543Z", "is_superuser": true, "phone": "12345", "first_name": "", "last_name": "", "email": null, "signup_date": "2025-09-11T09:10:30.678Z", "is_staff": true, "groups": [], "user_permissions": []}}, {"model": "api.address", "pk": 1, "fields": {"user": 1, "receiver_name": "علیرضا حاجی پور", "receiver_phone": "09141452277", "province": "آذربایجان غربی", "city": "خوی", "address_detail": "شهرک بهشتی، خیابان ستارخان", "postal_code": "102547896"}}, {"model": "api.address", "pk": 2, "fields": {"user": 1, "receiver_name": "فاطمه حاجی پور", "receiver_phone": "09141452233", "province": "آذربایجان غربی", "city": "خوی", "address_detail": "خیابان شهید بابلی، کوی 12، پلاک 42، طبقه سوم", "postal_code": "2548963125"}}, {"model": "api.address", "pk": 4, "fields": {"user": 1, "receiver_name": "علیرضا حاجی پور", "receiver_phone": "09391768990", "province": "آذربایجان غربی", "city": "ارومیه", "address_detail": "شهرک ایثار", "postal_code": "8596124473"}}, {"model": "api.address", "pk": 7, "fields": {"user": 1, "receiver_name": "علیرضا حاجی پور", "receiver_phone": "09391768990", "province": "اردبیل", "city": "اصلاندوز", "address_detail": "ِسشیشس یشسیشسی", "postal_code": "5523697481"}}, {"model": "api.address", "pk": 8, "fields": {"user": 1, "receiver_name": "علیرضا حاجی پور", "receiver_phone": "09391768990", "province": "ایلام", "city": "ایوان", "address_detail": "یسشی  یسشیسش", "postal_code": "5566332211"}}, {"model": "api.category", "pk": 1, "fields": {"name": "دستبند", "slug": "دستبند"}}, {"model": "api.category", "pk": 2, "fields": {"name": "گردنبند", "slug": "گردنبند"}}, {"model": "api.category", "pk": 3, "fields": {"name": "انگشتر", "slug": "انگشتر"}}, {"model": "api.category", "pk": 4, "fields": {"name": "گوشواره", "slug": "گوشواره"}}, {"model": "api.category", "pk": 5, "fields": {"name": "ست", "slug": "ست"}}, {"model": "api.category", "pk": 6, "fields": {"name": "پابند", "slug": "پابند"}}, {"model": "api.product", "pk": 1, "fields": {"title": "دستبند کشی", "features": "[\"\\u062c\\u0646\\u0633 \\u0639\\u0627\\u0644\\u06cc\\u060c \\u0636\\u062f \\u062d\\u0633\\u0627\\u0633\\u06cc\\u062a\\u060c \\u062c\\u0646\\u0633 \\u0646\\u062e\"]", "category": 1, "discount": 0, "price": "100000.00", "add_date": "2025-08-13T08:12:33.007Z"}}, {"model": "api.product", "pk": 2, "fields": {"title": "گوشواره بابونه", "features": "[\"\\u062c\\u0646\\u0633 \\u0639\\u0627\\u0644\\u06cc\\u060c \\u0636\\u062f \\u062d\\u0633\\u0627\\u0633\\u06cc\\u062a\\u060c \\u062c\\u0646\\u0633 \\u0646\\u062e\"]", "category": 4, "discount": 15, "price": "100000.00", "add_date": "2025-08-13T08:13:40.326Z"}}, {"model": "api.product", "pk": 3, "fields": {"title": "پابند استیل", "features": "[\"\\u0627\\u0633\\u062a\\u06cc\\u0644\\u060c \\u0631\\u0627\\u062d\\u062a\"]", "category": 6, "discount": 5, "price": "95000.00", "add_date": "2025-08-14T16:05:01.786Z"}}, {"model": "api.productimage", "pk": 1, "fields": {"product": 2, "url": "products/bracelet.png"}}, {"model": "api.productimage", "pk": 2, "fields": {"product": 2, "url": "products/necklace.png"}}, {"model": "api.productimage", "pk": 3, "fields": {"product": 2, "url": "products/muscle-car.jpg"}}, {"model": "api.productimage", "pk": 4, "fields": {"product": 1, "url": "products/1003_Desktop_Wallpaper_Papers.jpg"}}, {"model": "api.productimage", "pk": 5, "fields": {"product": 1, "url": "products/0940_Desktop_Wallpaper_Papers.jpg"}}, {"model": "api.productimage", "pk": 6, "fields": {"product": 3, "url": "products/DesktopWallps-146.png"}}, {"model": "api.productvariant", "pk": 1, "fields": {"product": 1, "title": "رنگ قرمز", "price": "150000.00", "stock": 2}}, {"model": "api.productvariant", "pk": 2, "fields": {"product": 1, "title": "رنگ آبی", "price": "55000.00", "stock": 3}}, {"model": "api.productvariant", "pk": 3, "fields": {"product": 1, "title": "سایز 14 سانت", "price": "95000.00", "stock": 2}}, {"model": "api.productvariant", "pk": 4, "fields": {"product": 2, "title": "طرح 1", "price": "600000.00", "stock": 0}}, {"model": "api.productvariant", "pk": 5, "fields": {"product": 3, "title": "سایز 10", "price": null, "stock": 2}}, {"model": "api.productvariant", "pk": 6, "fields": {"product": 3, "title": "سایز 15", "price": null, "stock": 4}}, {"model": "api.productvariant", "pk": 7, "fields": {"product": 3, "title": "سایز 20", "price": "100000.00", "stock": 1}}, {"model": "api.productvariant", "pk": 10, "fields": {"product": 1, "title": "سایز 15", "price": null, "stock": 0}}, {"model": "api.productvariant", "pk": 11, "fields": {"product": 1, "title": "سایز 18", "price": null, "stock": 0}}, {"model": "api.blogcategory", "pk": 1, "fields": {"name": "سبک و استایل", "slug": "سبک-و-استایل"}}, {"model": "api.blogcategory", "pk": 2, "fields": {"name": "راهنمای خرید و نگهداری", "slug": "راهنمای-خرید-و-نگهداری"}}, {"model": "api.blogpost", "pk": 1, "fields": {"slug": "ترند-های-2024", "title": "ترند های 2024", "excerpt": "اکسسوری هایی که در سال 2024 ترند هستند را بشناسید", "thumbnail": "blog/necklace.png", "category": 1, "tags": "[\"\\u062a\\u0631\\u0646\\u062f\\u060c 2024\"]", "author": "تیم محتوا", "published_at": "2025-08-13T16:20:47Z", "views": 0, "content_html": "<p> اکسسوری هایی که در سال 2024 ترند هستند را بشناسید </p>", "delta": {"content": 1}}}, {"model": "api.promocode", "pk": 1, "fields": {"code": "SAVE20", "title": "تخفیف 20 درصد", "discount": 20, "status": "active", "expire_date": "2026-08-13T16:30:38Z", "free_shipping": false, "is_global": false}}, {"model": "api.promocode", "pk": 2, "fields": {"code": "HAPPYBIRTH", "title": "کد تخفیف تولد", "discount": 10, "status": "active", "expire_date": "2025-08-16T09:05:32Z", "free_shipping": false, "is_global": true}}, {"model": "api.promocode", "pk": 3, "fields": {"code": "FOTHER", "title": "تخفیف روز پدر", "discount": 12, "status": "active", "expire_date": "2026-08-16T16:49:43Z", "free_shipping": false, "is_global": true}}, {"model": "api.promocode", "pk": 4, "fields": {"code": "FREE", "title": "ارسال رایگان", "discount": 0, "status": "active", "expire_date": "2026-08-17T08:39:52Z", "free_shipping": true, "is_global": true}}, {"model": "api.promocodeuser", "pk": 1, "fields": {"promo": 1, "user": 1, "used": false}}, {"model": "api.promocodeuser", "pk": 2, "fields": {"promo": 2, "user": 2, "used": false}}, {"model": "api.promocodeuser", "pk": 6, "fields": {"promo": 3, "user": 2, "used": false}}, {"model": "api.promocodeuser", "pk": 7, "fields": {"promo": 3, "user": 1, "used": false}}, {"model": "api.promocodeuser", "pk": 8, "fields": {"promo": 4, "user": 1, "used": false}}, {"model": "api.order", "pk": 1, "fields": {"user": 1, "address": 1, "description": "", "order_date": "2025-08-13T16:24:33.458Z", "shipping_method": "تیپاکس", "discount": null, "total_amount": "125000.00", "tracking_code": null, "status": "pending"}}, {"model": "api.order", "pk": 2, "fields": {"user": 1, "address": 2, "description": "تحویل سریع لطفا", "order_date": "2025-09-02T16:16:24.031Z", "shipping_method": "tipax", "discount": "15.00", "total_amount": "175000.00", "tracking_code": null, "status": "pending"}}, {"model": "api.order", "pk": 3, "fields": {"user": 2, "address": 2, "description": null, "order_date": "2025-09-04T14:32:08.889Z", "shipping_method": "post", "discount": "15.00", "total_amount": "200000.00", "tracking_code": null, "status": "pending"}}, {"model": "api.order", "pk": 4, "fields": {"user": 1, "address": 4, "description": "", "order_date": "2025-09-04T15:01:21.184Z", "shipping_method": "post", "discount": "0.00", "total_amount": "400000.00", "tracking_code": null, "status": "pending"}}, {"model": "api.orderitem", "pk": 2, "fields": {"order": 1, "variant": 3, "quantity": 2, "price": "57000.00"}}, {"model": "api.orderitem", "pk": 3, "fields": {"order": 3, "variant": 1, "quantity": 2, "price": "34000.00"}}, {"model": "api.orderitem", "pk": 4, "fields": {"order": 3, "variant": 6, "quantity": 1, "price": "55000.00"}}, {"model": "api.orderitem", "pk": 5, "fields": {"order": 4, "variant": 1, "quantity": 2, "price": "150000.00"}}, {"model": "api.orderitem", "pk": 6, "fields": {"order": 4, "variant": 2, "quantity": 1, "price": "55000.00"}}]