[{"model": "sessions.session", "pk": "a4piroag0cxxl8ua7v8hobxo9xd695cf", "fields": {"session_data": ".eJxVjDsOgzAQRO_iOrKM8W9TpucM1tq7DiSRkTBUUe4ekCiSbjTvzbxFxG0d49Z4iROJq-jE5bdLmJ9cD0APrPdZ5rmuy5TkociTNjnMxK_b6f4djNjGfW2ZAYILFEzx4AhL711ia3qFCjJopTUXSFhU8F3nKVijS-79nrxGEJ8v2no3bw:1v0h9q:fSgrPIFd-arUbDIxvsayGnsZ4-bv1q5hihyUVoismE0", "expire_date": "2025-10-06T14:04:46.041Z"}}, {"model": "sessions.session", "pk": "d8yovikj7nm8vfojc8multqvj1x98e9q", "fields": {"session_data": ".eJxVjDsOgzAQRO_iOrKM8W9TpucM1tq7DiSRkTBUUe4ekCiSbjTvzbxFxG0d49Z4iROJq-jE5bdLmJ9cD0APrPdZ5rmuy5TkociTNjnMxK_b6f4djNjGfW2ZAYILFEzx4AhL711ia3qFCjJopTUXSFhU8F3nKVijS-79nrxGEJ8v2no3bw:1v8aAT:E0f9JE7AwYfLxIRRdxyv2-ImzMAJwyf0XIbc9V2Jzfc", "expire_date": "2025-10-28T08:14:01.338Z"}}, {"model": "sessions.session", "pk": "krssde4z24rqj9ykmbxd6eag6ypkt704", "fields": {"session_data": ".eJxVjDsOgzAQRO_iOrKM8W9TpucM1tq7DiSRkTBUUe4ekCiSbjTvzbxFxG0d49Z4iROJq-jE5bdLmJ9cD0APrPdZ5rmuy5TkociTNjnMxK_b6f4djNjGfW2ZAYILFEzx4AhL711ia3qFCjJopTUXSFhU8F3nKVijS-79nrxGEJ8v2no3bw:1v3VSJ:uhZ0mh_d9I6sZTmR27tp_tNBxkIaVc_HQwswV8yaNeg", "expire_date": "2025-10-14T08:11:27.073Z"}}, {"model": "sessions.session", "pk": "ujgm3otozuawtm6egflksbu9xvqwse9s", "fields": {"session_data": ".eJxVjDkOwjAURO_iGln29_ZNSZ8zWF5xANlSnFSIu5NIKaCZYt6beRPnt7W6beTFzYlcCZDLbxd8fOZ2gPTw7d5p7G1d5kAPhZ500Kmn_Lqd7t9B9aPuay64FlzqWJRNFvcohTHNixEMggrGg0UJgBIBIVpjeWFCCJ61woKKfL6oizYO:1uwi0x:7ovojw3dgtCqJ2GXniX_0zHr87q_NI6oXuHiaCoId_I", "expire_date": "2025-09-25T14:11:07.426Z"}}, {"model": "api.user", "fields": {"password": "pbkdf2_sha256$600000$1o0LMI7YxT6dQnIqBPkint$qa1uWSJb5Dm3AwNfhIhGjToVcQMmbRQCihUMQg0lsrs=", "last_login": "2025-10-14T08:14:01.337Z", "is_superuser": true, "phone": "09304295788", "first_name": "امیررضا", "last_name": "نوروزی", "email": "amirreza@email.com", "signup_date": "2025-09-11T13:02:25.024Z", "is_staff": true, "groups": [], "user_permissions": []}}, {"model": "api.user", "fields": {"password": "123456", "last_login": "2025-09-11T16:00:00.634Z", "is_superuser": false, "phone": "09332245586", "first_name": "حسین", "last_name": "خیرخواه", "email": null, "signup_date": "2025-09-11T13:20:45.720Z", "is_staff": false, "groups": [], "user_permissions": []}}, {"model": "api.user", "fields": {"password": "pbkdf2_sha256$600000$1o0LMI7YxT6dQnIqBPkint$qa1uWSJb5Dm3AwNfhIhGjToVcQMmbRQCihUMQg0lsrs=", "last_login": "2025-09-25T06:56:27Z", "is_superuser": false, "phone": "09141452233", "first_name": "حسین", "last_name": "تاجبخش", "email": null, "signup_date": "2025-09-25T06:56:42.406Z", "is_staff": false, "groups": [], "user_permissions": []}}, {"model": "api.user", "fields": {"password": "pbkdf2_sha256$600000$1o0LMI7YxT6dQnIqBPkint$qa1uWSJb5Dm3AwNfhIhGjToVcQMmbRQCihUMQg0lsrs=", "last_login": "2025-09-25T15:34:13Z", "is_superuser": false, "phone": "09304295799", "first_name": "", "last_name": "", "email": null, "signup_date": "2025-09-25T06:57:08.983Z", "is_staff": false, "groups": [], "user_permissions": []}}, {"model": "api.user", "fields": {"password": "", "last_login": null, "is_superuser": false, "phone": "09141442525", "first_name": "علی", "last_name": "مرادی", "email": null, "signup_date": "2025-10-14T06:37:44.284Z", "is_staff": false, "groups": [], "user_permissions": []}}, {"model": "api.address", "pk": 1, "fields": {"user": ["09304295788"], "receiver_name": "امیررضا نوروزی", "receiver_phone": "09304295788", "province": "آذربایجان شرقی", "city": "زنوز", "address_detail": "خیابان امام", "postal_code": "1245365789"}}, {"model": "api.address", "pk": 20, "fields": {"user": ["09304295788"], "receiver_name": "امیررضا نوروزی", "receiver_phone": "09304295788", "province": "آذربایجان شرقی", "city": "اسکو", "address_detail": "خیابان امام", "postal_code": "1245365789"}}, {"model": "api.address", "pk": 21, "fields": {"user": ["09304295788"], "receiver_name": "امیررضا خیبری", "receiver_phone": "09304295788", "province": "ایلام", "city": "ایوان", "address_detail": "خیابان صدر، کوی اول", "postal_code": "5124789632"}}, {"model": "api.address", "pk": 22, "fields": {"user": ["09141452233"], "receiver_name": "علیرضا حاجی پور", "receiver_phone": "09141452233", "province": "اصفهان", "city": "اصفهان", "address_detail": "کوی 18 پلاک 19", "postal_code": "2566332149"}}, {"model": "api.address", "pk": 25, "fields": {"user": ["09141442525"], "receiver_name": "یاسین خضری", "receiver_phone": "09141442525", "province": "اردبیل", "city": "آبی بیگلو", "address_detail": "خیابان ولیعصر2، خیابان آزادی، کوی 24، پلاک 12", "postal_code": "2456312547"}}, {"model": "api.address", "pk": 28, "fields": {"user": ["09141442525"], "receiver_name": "علی مرادی", "receiver_phone": "09141442525", "province": "آذربایجان غربی", "city": "ارومیه", "address_detail": "شهرک فرهنگیان", "postal_code": "5648799523"}}, {"model": "api.category", "pk": 2, "fields": {"name": "انگشتر", "slug": "انگشتر"}}, {"model": "api.category", "pk": 3, "fields": {"name": "دستبند", "slug": "دستبند"}}, {"model": "api.category", "pk": 4, "fields": {"name": "پابند", "slug": "پابند"}}, {"model": "api.category", "pk": 6, "fields": {"name": "ست", "slug": "ست"}}, {"model": "api.category", "pk": 7, "fields": {"name": "گردنبند", "slug": "گردنبند"}}, {"model": "api.product", "pk": 1, "fields": {"title": "انگشتر بابونه", "features": "[\"\\u0632\\u06cc\\u0628\\u0627\\u060c \\u0627\\u0633\\u062a\\u06cc\\u0644\"]", "category": 2, "discount": 0, "add_date": "2025-09-11T13:15:07.527Z"}}, {"model": "api.product", "pk": 2, "fields": {"title": "نهنگ تنها", "features": "[\"\\u0632\\u06cc\\u0628\\u0627\\u060c \\u0627\\u0633\\u062a\\u06cc\\u0644\"]", "category": 2, "discount": 10, "add_date": "2025-09-11T13:16:18.431Z"}}, {"model": "api.product", "pk": 3, "fields": {"title": "دستبند ماری", "features": "[\"\\u062c\\u0646\\u0633 \\u0639\\u0627\\u0644\\u06cc\\u060c \\u0636\\u062f \\u062d\\u0633\\u0627\\u0633\\u06cc\\u062a\\u060c \\u062c\\u0646\\u0633 \\u0646\\u062e\"]", "category": 3, "discount": 0, "add_date": "2025-09-11T13:16:37.457Z"}}, {"model": "api.product", "pk": 4, "fields": {"title": "پابند رنگین", "features": "[\"\\u0628\\u0627 \\u062f\\u0648\\u0627\\u0645\", \"\\u0631\\u0646\\u06af \\u062b\\u0627\\u0628\\u062a\"]", "category": 4, "discount": 12, "add_date": "2025-09-28T16:11:45.325Z"}}, {"model": "api.product", "pk": 5, "fields": {"title": "ست کاپلی", "features": "[\"\\u0632\\u06cc\\u0628\\u0627\", \"\\u0628\\u0627 \\u062f\\u0648\\u0627\\u0645\"]", "category": 6, "discount": 3, "add_date": "2025-09-28T16:27:53.610Z"}}, {"model": "api.product", "pk": 12, "fields": {"title": "گردنبند لبوبو", "features": "[\"\\u0631\\u0646\\u06af \\u0647\\u0627 \\u0645\\u062a\\u0646\\u0648\\u0639\", \"\\u0645\\u062e\\u0635\\u0648\\u0635 \\u06a9\\u0648\\u062f\\u06a9\\u0627\\u0646\"]", "category": 7, "discount": 5, "add_date": "2025-10-01T07:37:25.437Z"}}, {"model": "api.productimage", "pk": 1, "fields": {"product": 1, "url": "products/27ac60f49590c425ee3918e73bd33ff9.png", "is_primary": false}}, {"model": "api.productimage", "pk": 3, "fields": {"product": 1, "url": "products/1003_Desktop_Wallpaper_Papers_vNMND9Q.jpg", "is_primary": true}}, {"model": "api.productimage", "pk": 4, "fields": {"product": 2, "url": "products/island-night-moon.jpg", "is_primary": true}}, {"model": "api.productimage", "pk": 5, "fields": {"product": 3, "url": "products/DesktopWallps-146_zreKZIl.png", "is_primary": true}}, {"model": "api.productimage", "pk": 13, "fields": {"product": 12, "url": "products/November-fall-2.jpg", "is_primary": false}}, {"model": "api.productimage", "pk": 14, "fields": {"product": 12, "url": "products/Rainier_National_Park_USA_Alex_Moliski_10K.jpg", "is_primary": true}}, {"model": "api.productvariant", "pk": 1, "fields": {"product": 1, "title": "سایز 5", "price": "48000.00", "stock": 2}}, {"model": "api.productvariant", "pk": 3, "fields": {"product": 1, "title": "سایز 9", "price": "78500.00", "stock": 0}}, {"model": "api.productvariant", "pk": 4, "fields": {"product": 2, "title": "رنگ آبی", "price": "56000.00", "stock": 1}}, {"model": "api.productvariant", "pk": 6, "fields": {"product": 3, "title": "10 سانت", "price": "600000.00", "stock": 5}}, {"model": "api.productvariant", "pk": 7, "fields": {"product": 3, "title": "15 سانت", "price": "53000.00", "stock": 2}}, {"model": "api.productvariant", "pk": 8, "fields": {"product": 4, "title": "7 رنگ", "price": "155000.00", "stock": 2}}, {"model": "api.productvariant", "pk": 9, "fields": {"product": 4, "title": "10 رنگ", "price": "155000.00", "stock": 2}}, {"model": "api.productvariant", "pk": 18, "fields": {"product": 5, "title": "دو نفره چسبان", "price": "355000.00", "stock": 1}}, {"model": "api.productvariant", "pk": 24, "fields": {"product": 1, "title": "سایز 7", "price": "69000.00", "stock": 1}}, {"model": "api.productvariant", "pk": 25, "fields": {"product": 12, "title": "سبز نگ", "price": "255000.00", "stock": 2}}, {"model": "api.productvariant", "pk": 26, "fields": {"product": 12, "title": "آبی رنگ", "price": "255000.00", "stock": 1}}, {"model": "api.blogpost", "pk": 30, "fields": {"slug": "یشسیسش", "title": "یشسیسش", "excerpt": "یسشیسشی", "thumbnail": "blog/0983_Desktop_Wallpaper_Papers_PwX5bKt.jpg", "tags": "[\"\\u06cc\\u0633\\u0634\\u06cc\", \"\\u06cc\\u0633\\u0634\\u06cc\\u0633\\u0634 \\u06cc\\u0633\\u0634\\u06cc\"]", "author": "امیررضا نوروزی", "published_at": "2025-10-08T14:36:52.096Z", "views": 0, "content_html": "<p>یشسیسشی</p>", "delta": {"ops": [{"insert": "یشسیسشی\n"}]}}}, {"model": "api.blogpost", "pk": 31, "fields": {"slug": "جادوی-زیورآلات", "title": "جادوی زیورآلات", "excerpt": "در این مقاله با", "thumbnail": "blog/1341419_iTfz9Ve.png", "tags": "[\"\\u0645\\u062f\", \"\\u067e\\u0627\\u06cc\\u06cc\\u0632\"]", "author": "امیررضا نوروزی", "published_at": "2025-10-08T14:38:41.804Z", "views": 0, "content_html": "<p>در دنیای مد و زیبایی، زیورآلات همیشه نقش مهمی در تکمیل استایل داشته‌اند. اما وقتی صحبت از بدلیجات دست‌ساز می‌شود، ماجرا فراتر از زیبایی ظاهری است. هر قطعه با دقت و عشق ساخته می‌شود و می‌تواند بازتابی از شخصیت، احساسات و حتی خاطرات شما باشد. از گوشواره‌های مینیمال گرفته تا دستبندهای رنگارنگ، این زیورآلات نه‌تنها مقرون‌به‌صرفه‌اند بلکه حس خاص‌بودن را به شما هدیه می‌دهند.</p><p class=\"ql-align-right\"><br></p>", "delta": {"ops": [{"insert": "در دنیای مد و زیبایی، زیورآلات همیشه نقش مهمی در تکمیل استایل داشته‌اند. اما وقتی صحبت از بدلیجات دست‌ساز می‌شود، ماجرا فراتر از زیبایی ظاهری است. هر قطعه با دقت و عشق ساخته می‌شود و می‌تواند بازتابی از شخصیت، احساسات و حتی خاطرات شما باشد. از گوشواره‌های مینیمال گرفته تا دستبندهای رنگارنگ، این زیورآلات نه‌تنها مقرون‌به‌صرفه‌اند بلکه حس خاص‌بودن را به شما هدیه می‌دهند.\n"}, {"insert": "\n", "attributes": {"align": "right"}}]}}}, {"model": "api.blogpost", "pk": 32, "fields": {"slug": "دنیای-زیورآلات", "title": "دنیای زیورآلات", "excerpt": "در این مقاله با دنیای زیورآلات دست‌ساز آشنا می‌شویم؛ جایی که هر قطعه داستانی دارد و انتخاب آن می‌تواند استایل شما را منحصربه‌فرد کند.", "thumbnail": "blog/DesktopWallps-145.png", "tags": "[\"\\u0645\\u062f \\u067e\\u0627\\u06cc\\u06cc\\u0632\\u06cc\", \"\\u0632\\u06cc\\u0648\\u0631\\u0622\\u0644\\u0627\\u062a\"]", "author": "امیررضا نوروزی", "published_at": "2025-10-08T14:42:18.476Z", "views": 0, "content_html": "<h1 class=\"ql-align-right\">دنیای مد</h1><p class=\"ql-align-right\">در دنیای مد و زیبایی، زیورآلات همیشه نقش مهمی در تکمیل استایل داشته‌اند. اما وقتی صحبت از بدلیجات دست‌ساز می‌شود، ماجرا فراتر از زیبایی ظاهری است. هر قطعه با دقت و عشق ساخته می‌شود و می‌تواند بازتابی از شخصیت، احساسات و حتی خاطرات شما باشد. از گوشواره‌های مینیمال گرفته تا دستبندهای رنگارنگ، این زیورآلات نه‌تنها مقرون‌به‌صرفه‌اند بلکه حس خاص‌بودن را به شما هدیه می‌دهند.</p><p class=\"ql-align-right\"><img src=\"http://localhost:8000/media/blog/2064_ACoGX9J.jpg\" style=\"width: 50%; display: block; margin: auto;\"></p>", "delta": {"ops": [{"insert": "دنیای مد"}, {"insert": "\n", "attributes": {"align": "right", "header": 1}}, {"insert": "در دنیای مد و زیبایی، زیورآلات همیشه نقش مهمی در تکمیل استایل داشته‌اند. اما وقتی صحبت از بدلیجات دست‌ساز می‌شود، ماجرا فراتر از زیبایی ظاهری است. هر قطعه با دقت و عشق ساخته می‌شود و می‌تواند بازتابی از شخصیت، احساسات و حتی خاطرات شما باشد. از گوشواره‌های مینیمال گرفته تا دستبندهای رنگارنگ، این زیورآلات نه‌تنها مقرون‌به‌صرفه‌اند بلکه حس خاص‌بودن را به شما هدیه می‌دهند."}, {"insert": "\n", "attributes": {"align": "right"}}, {"insert": {"image": "http://localhost:8000/media/blog/2064_ACoGX9J.jpg"}}, {"insert": "\n", "attributes": {"align": "right"}}]}}}, {"model": "api.blogpost", "pk": 33, "fields": {"slug": "dasdas-dasd", "title": "dasdas dasd", "excerpt": "dsada", "thumbnail": "blog/1341419_CzjwJ36.png", "tags": "[\"dad\"]", "author": "امیررضا نوروزی", "published_at": "2025-10-08T14:52:58.870Z", "views": 0, "content_html": "<p>dasdasdd</p><img src=\"undefined\" style=\"width: 50%; display: block; margin: auto;\"><p><br></p>", "delta": {"ops": [{"insert": "dasdasdd\n"}, {"insert": {"image": {"src": "undefined", "style": "width: 50%; display: block; margin: auto;", "width": null, "height": null}}}, {"insert": "\n"}]}}}, {"model": "api.blogpost", "pk": 34, "fields": {"slug": "dasd", "title": "dasd", "excerpt": "sadas", "thumbnail": "blog/1341419_iqkXjJt.png", "tags": "[\"dsad\"]", "author": "امیررضا نوروزی", "published_at": "2025-10-08T15:03:34.786Z", "views": 0, "content_html": "<p>dsadsad</p>", "delta": {"ops": [{"insert": "dsadsad\n"}]}}}, {"model": "api.blogpost", "pk": 35, "fields": {"slug": "ترند-سال-2025", "title": "ترند سال 2025", "excerpt": "ترننننننننننند", "thumbnail": "blog/Dark_Ivy_I4FQeoy.jpg", "tags": "[\"\\u062a\\u0631\\u0646\\u062f\", \"\\u0633\\u0627\\u0644\", \"2025\"]", "author": "امیررضا نوروزی", "published_at": "2025-10-08T15:44:42.525Z", "views": 2, "content_html": "<h2 class=\"ql-align-right\">یسشیسشی</h2><ol><li data-list=\"unchecked\" class=\"ql-align-right\"><span class=\"ql-ui\" contenteditable=\"false\"></span>یشسیسش</li><li data-list=\"unchecked\" class=\"ql-align-right\"><span class=\"ql-ui\" contenteditable=\"false\"></span>یشسیشس</li></ol><p class=\"ql-align-right\"><span class=\"ql-size-huge\">یشسیسشی<span class=\"ql-cursor\">﻿</span></span></p>", "delta": {"ops": [{"insert": "یسشیسشی"}, {"insert": "\n", "attributes": {"align": "right", "header": 2}}, {"insert": "یشسیسش"}, {"insert": "\n", "attributes": {"list": "unchecked", "align": "right"}}, {"insert": "یشسیشس"}, {"insert": "\n", "attributes": {"list": "unchecked", "align": "right"}}, {"insert": "یشسیسشی", "attributes": {"size": "huge"}}, {"insert": "\n", "attributes": {"align": "right"}}]}}}, {"model": "api.blogimage", "pk": 22, "fields": {"blog": 31, "url": "blog/DesktopWallps-163.png"}}, {"model": "api.blogimage", "pk": 23, "fields": {"blog": 32, "url": "blog/2064_ACoGX9J.jpg"}}, {"model": "api.blogimage", "pk": 24, "fields": {"blog": 33, "url": "blog/2064_gEWFbnb.jpg"}}, {"model": "api.promocode", "pk": 1, "fields": {"code": "FOTHER", "title": "روز پدر", "discount": 15, "status": "active", "expire_date": "2026-09-11T13:19:41Z", "free_shipping": false, "is_global": true}}, {"model": "api.promocode", "pk": 2, "fields": {"code": "FREE", "title": "ارسال رایگان", "discount": 0, "status": "active", "expire_date": "2026-09-11T13:20:04Z", "free_shipping": true, "is_global": true}}, {"model": "api.promocode", "pk": 3, "fields": {"code": "BIRTHDAY", "title": "تخفیف تولد", "discount": 10, "status": "active", "expire_date": "2026-09-23T16:36:35Z", "free_shipping": false, "is_global": false}}, {"model": "api.promocode", "pk": 4, "fields": {"code": "ERSAL", "title": "ارسال رایگان", "discount": 0, "status": "active", "expire_date": "2025-12-23T17:13:46Z", "free_shipping": true, "is_global": false}}, {"model": "api.promocode", "pk": 5, "fields": {"code": "MOTHER", "title": "تخفیف روز مادر", "discount": 12, "status": "expired", "expire_date": "2025-04-23T17:14:27Z", "free_shipping": false, "is_global": false}}, {"model": "api.promocode", "pk": 6, "fields": {"code": "BOY", "title": "روز پسر", "discount": 14, "status": "active", "expire_date": "2025-10-14T20:30:00Z", "free_shipping": false, "is_global": true}}, {"model": "api.promocode", "pk": 10, "fields": {"code": "GIRL17DAY", "title": "جشنواره ویژه روز دختر", "discount": 15, "status": "active", "expire_date": "2025-10-18T20:30:00Z", "free_shipping": false, "is_global": true}}, {"model": "api.promocodeuser", "pk": 1, "fields": {"promo": 3, "user": ["09304295788"], "used": false}}, {"model": "api.promocodeuser", "pk": 2, "fields": {"promo": 4, "user": ["09304295788"], "used": false}}, {"model": "api.promocodeuser", "pk": 3, "fields": {"promo": 5, "user": ["09304295788"], "used": false}}, {"model": "api.promocodeuser", "pk": 4, "fields": {"promo": 1, "user": ["09141452233"], "used": false}}, {"model": "api.promocodeuser", "pk": 5, "fields": {"promo": 3, "user": ["09141452233"], "used": true}}, {"model": "api.promocodeuser", "pk": 7, "fields": {"promo": 10, "user": ["09304295788"], "used": false}}, {"model": "api.order", "pk": 12, "fields": {"user": ["09304295788"], "address": {"id": 21, "city": "ایوان", "province": "ایلام", "postal_code": "5124789632", "receiver_name": "امیررضا خیبری", "address_detail": "خیابان صدر، کوی اول", "receiver_phone": "امیررضا خیبری"}, "description": "", "order_date": "2025-10-13T14:18:00.632Z", "shipping_cost": "60000.00", "shipping_method": "post", "promo_used": {"code": "GIRL17DAY", "title": "جشنواره ویژه روز دختر", "discount": 15, "free_shipping": false}, "tracking_code": "154787453413", "status": "shipped", "shipped_date": "2025-10-13T15:43:48.524Z"}}, {"model": "api.order", "pk": 13, "fields": {"user": ["09141442525"], "address": {"id": 25, "city": "اردبیل", "province": "اردبیل", "postal_code": "2456312547", "receiver_name": "علی مرادی", "address_detail": "خیابان ولیعصر2، خیابان آزادی، کوی 24، پلاک 12", "receiver_phone": "علی مرادی"}, "description": "", "order_date": "2025-10-14T07:01:26.159Z", "shipping_cost": "0.00", "shipping_method": "tipax", "promo_used": {}, "tracking_code": null, "status": "pending", "shipped_date": null}}, {"model": "api.orderitem", "pk": 17, "fields": {"order": 12, "variant_title": "سایز 5", "product_title": "انگشتر بابونه", "product_category": "انگشتر", "discount": 0, "quantity": 2, "price": "48000.00"}}, {"model": "api.orderitem", "pk": 18, "fields": {"order": 12, "variant_title": "سایز 7", "product_title": "انگشتر بابونه", "product_category": "انگشتر", "discount": 0, "quantity": 1, "price": "69000.00"}}, {"model": "api.orderitem", "pk": 19, "fields": {"order": 13, "variant_title": "سایز 5", "product_title": "انگشتر بابونه", "product_category": "انگشتر", "discount": 0, "quantity": 1, "price": "48000.00"}}, {"model": "api.orderitem", "pk": 20, "fields": {"order": 13, "variant_title": "سبز نگ", "product_title": "گردنبند لبوبو", "product_category": "گردنبند", "discount": 5, "quantity": 1, "price": "255000.00"}}, {"model": "api.orderitem", "pk": 21, "fields": {"order": 13, "variant_title": "آبی رنگ", "product_title": "گردنبند لبوبو", "product_category": "گردنبند", "discount": 5, "quantity": 1, "price": "255000.00"}}, {"model": "api.otp", "pk": 1, "fields": {"phone": "09304295788", "code": "369134", "created_at": "2025-09-23T05:30:21.062Z"}}, {"model": "api.otp", "pk": 2, "fields": {"phone": "09304295788", "code": "450121", "created_at": "2025-09-23T05:33:56.283Z"}}, {"model": "api.otp", "pk": 3, "fields": {"phone": "09304295788", "code": "856745", "created_at": "2025-09-23T05:39:51.779Z"}}, {"model": "api.otp", "pk": 4, "fields": {"phone": "09304295788", "code": "533125", "created_at": "2025-09-24T15:24:20.843Z"}}, {"model": "api.otp", "pk": 5, "fields": {"phone": "09304295788", "code": "497585", "created_at": "2025-09-25T05:35:17.084Z"}}, {"model": "api.otp", "pk": 6, "fields": {"phone": "09304295788", "code": "283048", "created_at": "2025-09-28T13:32:02.659Z"}}, {"model": "api.otp", "pk": 7, "fields": {"phone": "09304295788", "code": "852496", "created_at": "2025-09-28T13:32:08.400Z"}}, {"model": "api.otp", "pk": 8, "fields": {"phone": "09304295788", "code": "349583", "created_at": "2025-09-30T08:05:28.097Z"}}, {"model": "api.otp", "pk": 9, "fields": {"phone": "09304295788", "code": "694927", "created_at": "2025-10-01T16:15:42.212Z"}}, {"model": "api.otp", "pk": 10, "fields": {"phone": "09304295788", "code": "898764", "created_at": "2025-10-06T14:40:37.567Z"}}, {"model": "api.otp", "pk": 11, "fields": {"phone": "09304295788", "code": "369160", "created_at": "2025-10-09T14:43:53.303Z"}}, {"model": "api.otp", "pk": 12, "fields": {"phone": "09304295788", "code": "415438", "created_at": "2025-10-12T15:15:27.412Z"}}, {"model": "api.otp", "pk": 13, "fields": {"phone": "09141442525", "code": "333206", "created_at": "2025-10-14T06:37:33.532Z"}}, {"model": "api.otp", "pk": 14, "fields": {"phone": "09304295788", "code": "311109", "created_at": "2025-10-14T07:18:52.798Z"}}, {"model": "api.otp", "pk": 15, "fields": {"phone": "09141442525", "code": "752088", "created_at": "2025-10-14T07:20:24.707Z"}}, {"model": "api.otp", "pk": 16, "fields": {"phone": "09304295788", "code": "986121", "created_at": "2025-10-14T08:10:19.090Z"}}, {"model": "api.otp", "pk": 17, "fields": {"phone": "09141442525", "code": "547588", "created_at": "2025-10-14T08:14:10.758Z"}}, {"model": "api.otp", "pk": 18, "fields": {"phone": "09304295788", "code": "321327", "created_at": "2025-10-14T08:21:12.464Z"}}, {"model": "admin.logentry", "pk": 1, "fields": {"action_time": "2025-09-11T13:03:17.686Z", "user": ["09304295788"], "content_type": ["api", "category"], "object_id": "1", "object_repr": "اکسسوری", "action_flag": 1, "change_message": "[{\"added\": {}}]"}}, {"model": "admin.logentry", "pk": 2, "fields": {"action_time": "2025-09-11T13:12:42.166Z", "user": ["09304295788"], "content_type": ["api", "category"], "object_id": "2", "object_repr": "انگشتر", "action_flag": 1, "change_message": "[{\"added\": {}}]"}}, {"model": "admin.logentry", "pk": 3, "fields": {"action_time": "2025-09-11T13:12:48.481Z", "user": ["09304295788"], "content_type": ["api", "category"], "object_id": "3", "object_repr": "دستبند", "action_flag": 1, "change_message": "[{\"added\": {}}]"}}, {"model": "admin.logentry", "pk": 4, "fields": {"action_time": "2025-09-11T13:12:53.656Z", "user": ["09304295788"], "content_type": ["api", "category"], "object_id": "4", "object_repr": "پابند", "action_flag": 1, "change_message": "[{\"added\": {}}]"}}, {"model": "admin.logentry", "pk": 5, "fields": {"action_time": "2025-09-11T13:13:19.075Z", "user": ["09304295788"], "content_type": ["api", "category"], "object_id": "5", "object_repr": "گردنبند", "action_flag": 1, "change_message": "[{\"added\": {}}]"}}, {"model": "admin.logentry", "pk": 6, "fields": {"action_time": "2025-09-11T13:13:41.973Z", "user": ["09304295788"], "content_type": ["api", "category"], "object_id": "1", "object_repr": "اکسسوری", "action_flag": 3, "change_message": ""}}, {"model": "admin.logentry", "pk": 7, "fields": {"action_time": "2025-09-11T13:13:47.555Z", "user": ["09304295788"], "content_type": ["api", "category"], "object_id": "6", "object_repr": "ست", "action_flag": 1, "change_message": "[{\"added\": {}}]"}}, {"model": "admin.logentry", "pk": 8, "fields": {"action_time": "2025-09-11T13:15:07.529Z", "user": ["09304295788"], "content_type": ["api", "product"], "object_id": "1", "object_repr": "انگشتر بابونه", "action_flag": 1, "change_message": "[{\"added\": {}}]"}}, {"model": "admin.logentry", "pk": 9, "fields": {"action_time": "2025-09-11T13:16:18.432Z", "user": ["09304295788"], "content_type": ["api", "product"], "object_id": "2", "object_repr": "نهنگ تنها", "action_flag": 1, "change_message": "[{\"added\": {}}]"}}, {"model": "admin.logentry", "pk": 10, "fields": {"action_time": "2025-09-11T13:16:37.458Z", "user": ["09304295788"], "content_type": ["api", "product"], "object_id": "3", "object_repr": "دستبند ماری", "action_flag": 1, "change_message": "[{\"added\": {}}]"}}, {"model": "admin.logentry", "pk": 11, "fields": {"action_time": "2025-09-11T13:16:59.961Z", "user": ["09304295788"], "content_type": ["api", "productvariant"], "object_id": "1", "object_repr": "سایز 5", "action_flag": 1, "change_message": "[{\"added\": {}}]"}}, {"model": "admin.logentry", "pk": 12, "fields": {"action_time": "2025-09-11T13:17:11.861Z", "user": ["09304295788"], "content_type": ["api", "productvariant"], "object_id": "2", "object_repr": "سایز 7", "action_flag": 1, "change_message": "[{\"added\": {}}]"}}, {"model": "admin.logentry", "pk": 13, "fields": {"action_time": "2025-09-11T13:17:20.415Z", "user": ["09304295788"], "content_type": ["api", "productvariant"], "object_id": "3", "object_repr": "سایز 9", "action_flag": 1, "change_message": "[{\"added\": {}}]"}}, {"model": "admin.logentry", "pk": 14, "fields": {"action_time": "2025-09-11T13:17:30.500Z", "user": ["09304295788"], "content_type": ["api", "productvariant"], "object_id": "4", "object_repr": "رنگ آبی", "action_flag": 1, "change_message": "[{\"added\": {}}]"}}, {"model": "admin.logentry", "pk": 15, "fields": {"action_time": "2025-09-11T13:17:45.912Z", "user": ["09304295788"], "content_type": ["api", "productvariant"], "object_id": "5", "object_repr": "رنگ قرمز", "action_flag": 1, "change_message": "[{\"added\": {}}]"}}, {"model": "admin.logentry", "pk": 16, "fields": {"action_time": "2025-09-11T13:17:57.745Z", "user": ["09304295788"], "content_type": ["api", "productvariant"], "object_id": "6", "object_repr": "10 سانت", "action_flag": 1, "change_message": "[{\"added\": {}}]"}}, {"model": "admin.logentry", "pk": 17, "fields": {"action_time": "2025-09-11T13:18:05.675Z", "user": ["09304295788"], "content_type": ["api", "productvariant"], "object_id": "7", "object_repr": "15 سانت", "action_flag": 1, "change_message": "[{\"added\": {}}]"}}, {"model": "admin.logentry", "pk": 18, "fields": {"action_time": "2025-09-11T13:18:54.867Z", "user": ["09304295788"], "content_type": ["api", "productimage"], "object_id": "1", "object_repr": "Image for انگشتر بابونه", "action_flag": 1, "change_message": "[{\"added\": {}}]"}}, {"model": "admin.logentry", "pk": 19, "fields": {"action_time": "2025-09-11T13:19:00.692Z", "user": ["09304295788"], "content_type": ["api", "productimage"], "object_id": "2", "object_repr": "Image for انگشتر بابونه", "action_flag": 1, "change_message": "[{\"added\": {}}]"}}, {"model": "admin.logentry", "pk": 20, "fields": {"action_time": "2025-09-11T13:19:06.223Z", "user": ["09304295788"], "content_type": ["api", "productimage"], "object_id": "3", "object_repr": "Image for انگشتر بابونه", "action_flag": 1, "change_message": "[{\"added\": {}}]"}}, {"model": "admin.logentry", "pk": 21, "fields": {"action_time": "2025-09-11T13:19:12.074Z", "user": ["09304295788"], "content_type": ["api", "productimage"], "object_id": "4", "object_repr": "Image for نهنگ تنها", "action_flag": 1, "change_message": "[{\"added\": {}}]"}}, {"model": "admin.logentry", "pk": 22, "fields": {"action_time": "2025-09-11T13:19:20.012Z", "user": ["09304295788"], "content_type": ["api", "productimage"], "object_id": "5", "object_repr": "Image for دستبند ماری", "action_flag": 1, "change_message": "[{\"added\": {}}]"}}, {"model": "admin.logentry", "pk": 23, "fields": {"action_time": "2025-09-11T13:19:49.583Z", "user": ["09304295788"], "content_type": ["api", "promocode"], "object_id": "1", "object_repr": "FOTHER", "action_flag": 1, "change_message": "[{\"added\": {}}]"}}, {"model": "admin.logentry", "pk": 24, "fields": {"action_time": "2025-09-11T13:20:13.490Z", "user": ["09304295788"], "content_type": ["api", "promocode"], "object_id": "2", "object_repr": "FREE", "action_flag": 1, "change_message": "[{\"added\": {}}]"}}, {"model": "admin.logentry", "pk": 25, "fields": {"action_time": "2025-09-11T13:20:45.728Z", "user": ["09304295788"], "content_type": ["api", "user"], "object_id": "2", "object_repr": "09332245586", "action_flag": 1, "change_message": "[{\"added\": {}}]"}}, {"model": "admin.logentry", "pk": 26, "fields": {"action_time": "2025-09-23T07:59:35.351Z", "user": ["09304295788"], "content_type": ["api", "address"], "object_id": "1", "object_repr": "علی - ارومیه", "action_flag": 1, "change_message": "[{\"added\": {}}]"}}, {"model": "admin.logentry", "pk": 27, "fields": {"action_time": "2025-09-23T08:01:05.561Z", "user": ["09304295788"], "content_type": ["api", "address"], "object_id": "1", "object_repr": "علی نوروزی - ارومیه", "action_flag": 2, "change_message": "[{\"changed\": {\"fields\": [\"Receiver name\", \"Receiver phone\"]}}]"}}, {"model": "admin.logentry", "pk": 28, "fields": {"action_time": "2025-09-23T15:08:44.920Z", "user": ["09304295788"], "content_type": ["api", "address"], "object_id": "7", "object_repr": "امیررضا نوروزی - اهر", "action_flag": 3, "change_message": ""}}, {"model": "admin.logentry", "pk": 29, "fields": {"action_time": "2025-09-23T15:08:44.922Z", "user": ["09304295788"], "content_type": ["api", "address"], "object_id": "5", "object_repr": "امیررضا نوروزی - ارومیه", "action_flag": 3, "change_message": ""}}, {"model": "admin.logentry", "pk": 30, "fields": {"action_time": "2025-09-23T15:08:44.922Z", "user": ["09304295788"], "content_type": ["api", "address"], "object_id": "3", "object_repr": "امیررضا نوروزی - اهر", "action_flag": 3, "change_message": ""}}, {"model": "admin.logentry", "pk": 31, "fields": {"action_time": "2025-09-23T15:08:51.456Z", "user": ["09304295788"], "content_type": ["api", "address"], "object_id": "6", "object_repr": "امیررضا نوروزی - اهر", "action_flag": 3, "change_message": ""}}, {"model": "admin.logentry", "pk": 32, "fields": {"action_time": "2025-09-23T15:34:51.701Z", "user": ["09304295788"], "content_type": ["api", "address"], "object_id": "11", "object_repr": "امیررضا نوروزی - اصلاندوز", "action_flag": 3, "change_message": ""}}, {"model": "admin.logentry", "pk": 33, "fields": {"action_time": "2025-09-23T15:34:51.702Z", "user": ["09304295788"], "content_type": ["api", "address"], "object_id": "10", "object_repr": "امیررضا نوروزی - اصلاندوز", "action_flag": 3, "change_message": ""}}, {"model": "admin.logentry", "pk": 34, "fields": {"action_time": "2025-09-23T15:34:51.703Z", "user": ["09304295788"], "content_type": ["api", "address"], "object_id": "9", "object_repr": "امیررضا نوروزی - بیله سوار", "action_flag": 3, "change_message": ""}}, {"model": "admin.logentry", "pk": 35, "fields": {"action_time": "2025-09-23T15:34:51.703Z", "user": ["09304295788"], "content_type": ["api", "address"], "object_id": "8", "object_repr": "امیررضا نوروزی - بیله سوار", "action_flag": 3, "change_message": ""}}, {"model": "admin.logentry", "pk": 36, "fields": {"action_time": "2025-09-23T15:45:44.123Z", "user": ["09304295788"], "content_type": ["api", "address"], "object_id": "16", "object_repr": "امیررضا نوروزی - ایلام", "action_flag": 3, "change_message": ""}}, {"model": "admin.logentry", "pk": 37, "fields": {"action_time": "2025-09-23T15:45:44.125Z", "user": ["09304295788"], "content_type": ["api", "address"], "object_id": "15", "object_repr": "امیررضا نوروزی - باباحیدر", "action_flag": 3, "change_message": ""}}, {"model": "admin.logentry", "pk": 38, "fields": {"action_time": "2025-09-23T15:45:44.125Z", "user": ["09304295788"], "content_type": ["api", "address"], "object_id": "14", "object_repr": "امیررضا نوروزی - اردبیل", "action_flag": 3, "change_message": ""}}, {"model": "admin.logentry", "pk": 39, "fields": {"action_time": "2025-09-23T15:45:44.126Z", "user": ["09304295788"], "content_type": ["api", "address"], "object_id": "13", "object_repr": "امیررضا نوروزی - ابوزیدآباد", "action_flag": 3, "change_message": ""}}, {"model": "admin.logentry", "pk": 40, "fields": {"action_time": "2025-09-23T15:45:44.126Z", "user": ["09304295788"], "content_type": ["api", "address"], "object_id": "12", "object_repr": "امیررضا نوروزی - ابوزیدآباد", "action_flag": 3, "change_message": ""}}, {"model": "admin.logentry", "pk": 41, "fields": {"action_time": "2025-09-23T15:49:27.152Z", "user": ["09304295788"], "content_type": ["api", "address"], "object_id": "19", "object_repr": "امیررضا نوروزی - ایوانکی", "action_flag": 3, "change_message": ""}}, {"model": "admin.logentry", "pk": 42, "fields": {"action_time": "2025-09-23T15:49:27.153Z", "user": ["09304295788"], "content_type": ["api", "address"], "object_id": "18", "object_repr": "امیررضا نوروزی - آب بر", "action_flag": 3, "change_message": ""}}, {"model": "admin.logentry", "pk": 43, "fields": {"action_time": "2025-09-23T15:49:27.153Z", "user": ["09304295788"], "content_type": ["api", "address"], "object_id": "17", "object_repr": "امیررضا نوروزی - الوان", "action_flag": 3, "change_message": ""}}, {"model": "admin.logentry", "pk": 44, "fields": {"action_time": "2025-09-23T15:49:27.154Z", "user": ["09304295788"], "content_type": ["api", "address"], "object_id": "4", "object_repr": "امیررضا نوروزی - ارومیه", "action_flag": 3, "change_message": ""}}, {"model": "admin.logentry", "pk": 45, "fields": {"action_time": "2025-09-23T15:49:27.154Z", "user": ["09304295788"], "content_type": ["api", "address"], "object_id": "2", "object_repr": "امیررضا نوروزی - اهر", "action_flag": 3, "change_message": ""}}, {"model": "admin.logentry", "pk": 46, "fields": {"action_time": "2025-09-23T16:36:45.617Z", "user": ["09304295788"], "content_type": ["api", "promocode"], "object_id": "3", "object_repr": "BIRTHDAY", "action_flag": 1, "change_message": "[{\"added\": {}}]"}}, {"model": "admin.logentry", "pk": 47, "fields": {"action_time": "2025-09-23T16:36:57.512Z", "user": ["09304295788"], "content_type": ["api", "promocodeuser"], "object_id": "1", "object_repr": "BIRTHDAY - 09304295788 (Unused)", "action_flag": 1, "change_message": "[{\"added\": {}}]"}}, {"model": "admin.logentry", "pk": 48, "fields": {"action_time": "2025-09-23T17:14:09.037Z", "user": ["09304295788"], "content_type": ["api", "promocode"], "object_id": "4", "object_repr": "ERSAL", "action_flag": 1, "change_message": "[{\"added\": {}}]"}}, {"model": "admin.logentry", "pk": 49, "fields": {"action_time": "2025-09-23T17:14:32.304Z", "user": ["09304295788"], "content_type": ["api", "promocode"], "object_id": "5", "object_repr": "MOTHER", "action_flag": 1, "change_message": "[{\"added\": {}}]"}}, {"model": "admin.logentry", "pk": 50, "fields": {"action_time": "2025-09-23T17:14:51.320Z", "user": ["09304295788"], "content_type": ["api", "promocodeuser"], "object_id": "2", "object_repr": "ERSAL - 09304295788 (Unused)", "action_flag": 1, "change_message": "[{\"added\": {}}]"}}, {"model": "admin.logentry", "pk": 51, "fields": {"action_time": "2025-09-23T17:14:59.629Z", "user": ["09304295788"], "content_type": ["api", "promocodeuser"], "object_id": "3", "object_repr": "MOTHER - 09304295788 (Unused)", "action_flag": 1, "change_message": "[{\"added\": {}}]"}}, {"model": "admin.logentry", "pk": 52, "fields": {"action_time": "2025-09-23T17:17:15.670Z", "user": ["09304295788"], "content_type": ["api", "promocodeuser"], "object_id": "2", "object_repr": "ERSAL - 09304295788 (Used)", "action_flag": 2, "change_message": "[{\"changed\": {\"fields\": [\"Used\"]}}]"}}, {"model": "admin.logentry", "pk": 53, "fields": {"action_time": "2025-09-24T06:45:54.542Z", "user": ["09304295788"], "content_type": ["api", "promocode"], "object_id": "4", "object_repr": "ERSAL", "action_flag": 2, "change_message": "[]"}}, {"model": "admin.logentry", "pk": 54, "fields": {"action_time": "2025-09-24T06:46:00.663Z", "user": ["09304295788"], "content_type": ["api", "promocodeuser"], "object_id": "2", "object_repr": "ERSAL - 09304295788 (Unused)", "action_flag": 2, "change_message": "[{\"changed\": {\"fields\": [\"Used\"]}}]"}}, {"model": "admin.logentry", "pk": 55, "fields": {"action_time": "2025-09-24T07:10:00.636Z", "user": ["09304295788"], "content_type": ["api", "order"], "object_id": "1", "object_repr": "Order #1 - 09304295788", "action_flag": 1, "change_message": "[{\"added\": {}}]"}}, {"model": "admin.logentry", "pk": 56, "fields": {"action_time": "2025-09-24T07:10:33.314Z", "user": ["09304295788"], "content_type": ["api", "order"], "object_id": "2", "object_repr": "Order #2 - 09304295788", "action_flag": 1, "change_message": "[{\"added\": {}}]"}}, {"model": "admin.logentry", "pk": 57, "fields": {"action_time": "2025-09-24T07:10:57.406Z", "user": ["09304295788"], "content_type": ["api", "orderitem"], "object_id": "1", "object_repr": "سایز 5 x 1", "action_flag": 1, "change_message": "[{\"added\": {}}]"}}, {"model": "admin.logentry", "pk": 58, "fields": {"action_time": "2025-09-24T07:11:25.439Z", "user": ["09304295788"], "content_type": ["api", "orderitem"], "object_id": "2", "object_repr": "سایز 9 x 2", "action_flag": 1, "change_message": "[{\"added\": {}}]"}}, {"model": "admin.logentry", "pk": 59, "fields": {"action_time": "2025-09-24T07:11:35.738Z", "user": ["09304295788"], "content_type": ["api", "orderitem"], "object_id": "3", "object_repr": "رنگ قرمز x 1", "action_flag": 1, "change_message": "[{\"added\": {}}]"}}, {"model": "admin.logentry", "pk": 60, "fields": {"action_time": "2025-09-25T06:56:42.418Z", "user": ["09304295788"], "content_type": ["api", "user"], "object_id": "3", "object_repr": "09141452233", "action_flag": 1, "change_message": "[{\"added\": {}}]"}}, {"model": "admin.logentry", "pk": 61, "fields": {"action_time": "2025-09-25T06:57:08.988Z", "user": ["09304295788"], "content_type": ["api", "user"], "object_id": "4", "object_repr": "09304295799", "action_flag": 1, "change_message": "[{\"added\": {}}]"}}, {"model": "admin.logentry", "pk": 62, "fields": {"action_time": "2025-09-25T06:58:21.221Z", "user": ["09304295788"], "content_type": ["api", "address"], "object_id": "22", "object_repr": "علیرضا حاجی پور - اصفهان", "action_flag": 1, "change_message": "[{\"added\": {}}]"}}, {"model": "admin.logentry", "pk": 63, "fields": {"action_time": "2025-09-25T06:59:08.789Z", "user": ["09304295788"], "content_type": ["api", "order"], "object_id": "3", "object_repr": "Order #3 - 09141452233", "action_flag": 1, "change_message": "[{\"added\": {}}]"}}, {"model": "admin.logentry", "pk": 64, "fields": {"action_time": "2025-09-25T06:59:27.075Z", "user": ["09304295788"], "content_type": ["api", "order"], "object_id": "4", "object_repr": "Order #4 - 09141452233", "action_flag": 1, "change_message": "[{\"added\": {}}]"}}, {"model": "admin.logentry", "pk": 65, "fields": {"action_time": "2025-09-25T06:59:46.864Z", "user": ["09304295788"], "content_type": ["api", "orderitem"], "object_id": "4", "object_repr": "15 سانت x 2", "action_flag": 1, "change_message": "[{\"added\": {}}]"}}, {"model": "admin.logentry", "pk": 66, "fields": {"action_time": "2025-09-25T07:00:03.114Z", "user": ["09304295788"], "content_type": ["api", "orderitem"], "object_id": "5", "object_repr": "15 سانت x 2", "action_flag": 1, "change_message": "[{\"added\": {}}]"}}, {"model": "admin.logentry", "pk": 67, "fields": {"action_time": "2025-09-25T07:00:20.716Z", "user": ["09304295788"], "content_type": ["api", "orderitem"], "object_id": "6", "object_repr": "رنگ آبی x 1", "action_flag": 1, "change_message": "[{\"added\": {}}]"}}, {"model": "admin.logentry", "pk": 68, "fields": {"action_time": "2025-09-25T07:25:14.275Z", "user": ["09304295788"], "content_type": ["api", "order"], "object_id": "5", "object_repr": "Order #5 - 09141452233", "action_flag": 1, "change_message": "[{\"added\": {}}]"}}, {"model": "admin.logentry", "pk": 69, "fields": {"action_time": "2025-09-25T15:25:58.403Z", "user": ["09304295788"], "content_type": ["api", "order"], "object_id": "1", "object_repr": "Order #1 - 09304295788", "action_flag": 2, "change_message": "[{\"changed\": {\"fields\": [\"Status\"]}}]"}}, {"model": "admin.logentry", "pk": 70, "fields": {"action_time": "2025-09-25T15:26:19.968Z", "user": ["09304295788"], "content_type": ["api", "order"], "object_id": "1", "object_repr": "Order #1 - 09304295788", "action_flag": 2, "change_message": "[{\"changed\": {\"fields\": [\"Status\"]}}]"}}, {"model": "admin.logentry", "pk": 71, "fields": {"action_time": "2025-09-25T15:34:18.144Z", "user": ["09304295788"], "content_type": ["api", "user"], "object_id": "4", "object_repr": "09304295799", "action_flag": 2, "change_message": "[{\"changed\": {\"fields\": [\"Last login\"]}}]"}}, {"model": "admin.logentry", "pk": 72, "fields": {"action_time": "2025-09-25T19:21:26.144Z", "user": ["09304295788"], "content_type": ["api", "order"], "object_id": "2", "object_repr": "Order #2 - 09304295788", "action_flag": 2, "change_message": "[{\"changed\": {\"fields\": [\"Tracking code\", \"Status\"]}}]"}}, {"model": "admin.logentry", "pk": 73, "fields": {"action_time": "2025-09-25T19:24:47.280Z", "user": ["09304295788"], "content_type": ["api", "order"], "object_id": "2", "object_repr": "Order #2 - 09304295788", "action_flag": 2, "change_message": "[{\"changed\": {\"fields\": [\"Shipped date\"]}}]"}}, {"model": "admin.logentry", "pk": 74, "fields": {"action_time": "2025-09-25T19:25:27.026Z", "user": ["09304295788"], "content_type": ["api", "order"], "object_id": "2", "object_repr": "Order #2 - 09304295788", "action_flag": 2, "change_message": "[{\"changed\": {\"fields\": [\"Shipped date\"]}}]"}}, {"model": "admin.logentry", "pk": 75, "fields": {"action_time": "2025-09-25T19:26:40.234Z", "user": ["09304295788"], "content_type": ["api", "order"], "object_id": "5", "object_repr": "Order #5 - 09141452233", "action_flag": 2, "change_message": "[{\"changed\": {\"fields\": [\"Status\"]}}]"}}, {"model": "admin.logentry", "pk": 76, "fields": {"action_time": "2025-09-28T14:58:30.657Z", "user": ["09304295788"], "content_type": ["api", "productvariant"], "object_id": "7", "object_repr": "15 سانت", "action_flag": 2, "change_message": "[{\"changed\": {\"fields\": [\"Price\"]}}]"}}, {"model": "admin.logentry", "pk": 77, "fields": {"action_time": "2025-09-28T15:00:54.076Z", "user": ["09304295788"], "content_type": ["api", "productvariant"], "object_id": "6", "object_repr": "10 سانت", "action_flag": 2, "change_message": "[{\"changed\": {\"fields\": [\"Price\"]}}]"}}, {"model": "admin.logentry", "pk": 78, "fields": {"action_time": "2025-09-28T15:00:57.528Z", "user": ["09304295788"], "content_type": ["api", "productvariant"], "object_id": "5", "object_repr": "رنگ قرمز", "action_flag": 2, "change_message": "[]"}}, {"model": "admin.logentry", "pk": 79, "fields": {"action_time": "2025-09-28T15:01:05.539Z", "user": ["09304295788"], "content_type": ["api", "productvariant"], "object_id": "4", "object_repr": "رنگ آبی", "action_flag": 2, "change_message": "[{\"changed\": {\"fields\": [\"Price\"]}}]"}}, {"model": "admin.logentry", "pk": 80, "fields": {"action_time": "2025-09-28T15:01:10.544Z", "user": ["09304295788"], "content_type": ["api", "productvariant"], "object_id": "1", "object_repr": "سایز 5", "action_flag": 2, "change_message": "[{\"changed\": {\"fields\": [\"Price\"]}}]"}}, {"model": "admin.logentry", "pk": 81, "fields": {"action_time": "2025-09-28T15:01:13.802Z", "user": ["09304295788"], "content_type": ["api", "productvariant"], "object_id": "2", "object_repr": "سایز 7", "action_flag": 2, "change_message": "[{\"changed\": {\"fields\": [\"Price\"]}}]"}}, {"model": "admin.logentry", "pk": 82, "fields": {"action_time": "2025-09-28T15:01:22.858Z", "user": ["09304295788"], "content_type": ["api", "productvariant"], "object_id": "3", "object_repr": "سایز 9", "action_flag": 2, "change_message": "[{\"changed\": {\"fields\": [\"Price\"]}}]"}}, {"model": "admin.logentry", "pk": 83, "fields": {"action_time": "2025-09-30T08:11:49.468Z", "user": ["09304295788"], "content_type": ["api", "user"], "object_id": "5", "object_repr": "09304295787", "action_flag": 3, "change_message": ""}}, {"model": "admin.logentry", "pk": 84, "fields": {"action_time": "2025-09-30T08:40:30.877Z", "user": ["09304295788"], "content_type": ["api", "product"], "object_id": "6", "object_repr": "dasd", "action_flag": 3, "change_message": ""}}, {"model": "admin.logentry", "pk": 85, "fields": {"action_time": "2025-09-30T15:26:29.361Z", "user": ["09304295788"], "content_type": ["api", "productimage"], "object_id": "8", "object_repr": "Image for گردنبند لبوبو", "action_flag": 3, "change_message": ""}}, {"model": "admin.logentry", "pk": 86, "fields": {"action_time": "2025-09-30T15:26:29.363Z", "user": ["09304295788"], "content_type": ["api", "productimage"], "object_id": "7", "object_repr": "Image for گردنبند لبوبو", "action_flag": 3, "change_message": ""}}, {"model": "admin.logentry", "pk": 87, "fields": {"action_time": "2025-09-30T15:26:29.363Z", "user": ["09304295788"], "content_type": ["api", "productimage"], "object_id": "6", "object_repr": "Image for گردنبند لبوبو", "action_flag": 3, "change_message": ""}}, {"model": "admin.logentry", "pk": 88, "fields": {"action_time": "2025-09-30T15:26:42.035Z", "user": ["09304295788"], "content_type": ["api", "product"], "object_id": "9", "object_repr": "گردنبند لبوبو", "action_flag": 3, "change_message": ""}}, {"model": "admin.logentry", "pk": 89, "fields": {"action_time": "2025-09-30T15:26:42.035Z", "user": ["09304295788"], "content_type": ["api", "product"], "object_id": "8", "object_repr": "گردنبند لبوبو", "action_flag": 3, "change_message": ""}}, {"model": "admin.logentry", "pk": 90, "fields": {"action_time": "2025-09-30T15:26:42.035Z", "user": ["09304295788"], "content_type": ["api", "product"], "object_id": "7", "object_repr": "dasd", "action_flag": 3, "change_message": ""}}, {"model": "admin.logentry", "pk": 91, "fields": {"action_time": "2025-09-30T15:37:01.512Z", "user": ["09304295788"], "content_type": ["api", "product"], "object_id": "10", "object_repr": "گردنبند لبوبو", "action_flag": 3, "change_message": ""}}, {"model": "admin.logentry", "pk": 92, "fields": {"action_time": "2025-09-30T15:42:05.058Z", "user": ["09304295788"], "content_type": ["api", "productvariant"], "object_id": "18", "object_repr": "دو نفره چسبان", "action_flag": 1, "change_message": "[{\"added\": {}}]"}}, {"model": "admin.logentry", "pk": 93, "fields": {"action_time": "2025-09-30T15:46:00.970Z", "user": ["09304295788"], "content_type": ["api", "product"], "object_id": "5", "object_repr": "ست کاپلی", "action_flag": 2, "change_message": "[{\"changed\": {\"fields\": [\"Category\"]}}]"}}, {"model": "admin.logentry", "pk": 94, "fields": {"action_time": "2025-10-06T15:35:58.876Z", "user": ["09304295788"], "content_type": ["api", "blogpost"], "object_id": "2", "object_repr": "dasd dsadas", "action_flag": 3, "change_message": ""}}, {"model": "admin.logentry", "pk": 95, "fields": {"action_time": "2025-10-06T15:44:15.252Z", "user": ["09304295788"], "content_type": ["api", "blogimage"], "object_id": "3", "object_repr": "Image for dddd", "action_flag": 1, "change_message": "[{\"added\": {}}]"}}, {"model": "admin.logentry", "pk": 96, "fields": {"action_time": "2025-10-07T07:17:05.348Z", "user": ["09304295788"], "content_type": ["api", "blogpost"], "object_id": "9", "object_repr": "amiiiiiir", "action_flag": 3, "change_message": ""}}, {"model": "admin.logentry", "pk": 97, "fields": {"action_time": "2025-10-07T07:17:05.361Z", "user": ["09304295788"], "content_type": ["api", "blogpost"], "object_id": "8", "object_repr": "amir", "action_flag": 3, "change_message": ""}}, {"model": "admin.logentry", "pk": 98, "fields": {"action_time": "2025-10-07T07:17:05.362Z", "user": ["09304295788"], "content_type": ["api", "blogpost"], "object_id": "7", "object_repr": "dsadas", "action_flag": 3, "change_message": ""}}, {"model": "admin.logentry", "pk": 99, "fields": {"action_time": "2025-10-07T07:17:05.362Z", "user": ["09304295788"], "content_type": ["api", "blogpost"], "object_id": "6", "object_repr": "dddd", "action_flag": 3, "change_message": ""}}, {"model": "admin.logentry", "pk": 100, "fields": {"action_time": "2025-10-07T07:17:05.363Z", "user": ["09304295788"], "content_type": ["api", "blogpost"], "object_id": "5", "object_repr": "dsadas dsadas", "action_flag": 3, "change_message": ""}}, {"model": "admin.logentry", "pk": 101, "fields": {"action_time": "2025-10-07T07:17:05.363Z", "user": ["09304295788"], "content_type": ["api", "blogpost"], "object_id": "4", "object_repr": "dsadsa", "action_flag": 3, "change_message": ""}}, {"model": "admin.logentry", "pk": 102, "fields": {"action_time": "2025-10-07T07:17:05.363Z", "user": ["09304295788"], "content_type": ["api", "blogpost"], "object_id": "3", "object_repr": "dsad dsadsa", "action_flag": 3, "change_message": ""}}, {"model": "admin.logentry", "pk": 103, "fields": {"action_time": "2025-10-07T07:43:33.112Z", "user": ["09304295788"], "content_type": ["api", "blogpost"], "object_id": "17", "object_repr": "amiiiiiiiy", "action_flag": 3, "change_message": ""}}, {"model": "admin.logentry", "pk": 104, "fields": {"action_time": "2025-10-07T07:43:33.117Z", "user": ["09304295788"], "content_type": ["api", "blogpost"], "object_id": "16", "object_repr": "dsadsa", "action_flag": 3, "change_message": ""}}, {"model": "admin.logentry", "pk": 105, "fields": {"action_time": "2025-10-07T07:43:33.117Z", "user": ["09304295788"], "content_type": ["api", "blogpost"], "object_id": "15", "object_repr": "dddddsad", "action_flag": 3, "change_message": ""}}, {"model": "admin.logentry", "pk": 106, "fields": {"action_time": "2025-10-07T07:43:33.118Z", "user": ["09304295788"], "content_type": ["api", "blogpost"], "object_id": "14", "object_repr": "aaaaaaaaaaaaa", "action_flag": 3, "change_message": ""}}, {"model": "admin.logentry", "pk": 107, "fields": {"action_time": "2025-10-07T07:43:33.118Z", "user": ["09304295788"], "content_type": ["api", "blogpost"], "object_id": "13", "object_repr": "aaaaaaaaaaaaaaaaaaa", "action_flag": 3, "change_message": ""}}, {"model": "admin.logentry", "pk": 108, "fields": {"action_time": "2025-10-07T07:43:33.119Z", "user": ["09304295788"], "content_type": ["api", "blogpost"], "object_id": "12", "object_repr": "aaaaaaaa", "action_flag": 3, "change_message": ""}}, {"model": "admin.logentry", "pk": 109, "fields": {"action_time": "2025-10-07T07:43:33.119Z", "user": ["09304295788"], "content_type": ["api", "blogpost"], "object_id": "11", "object_repr": "amiiiiiiiir", "action_flag": 3, "change_message": ""}}, {"model": "admin.logentry", "pk": 110, "fields": {"action_time": "2025-10-07T07:43:33.119Z", "user": ["09304295788"], "content_type": ["api", "blogpost"], "object_id": "10", "object_repr": "amir", "action_flag": 3, "change_message": ""}}, {"model": "admin.logentry", "pk": 111, "fields": {"action_time": "2025-10-07T07:52:41.314Z", "user": ["09304295788"], "content_type": ["api", "blogpost"], "object_id": "21", "object_repr": "amiiiiiiiiy", "action_flag": 3, "change_message": ""}}, {"model": "admin.logentry", "pk": 112, "fields": {"action_time": "2025-10-07T07:52:41.317Z", "user": ["09304295788"], "content_type": ["api", "blogpost"], "object_id": "20", "object_repr": "amir", "action_flag": 3, "change_message": ""}}, {"model": "admin.logentry", "pk": 113, "fields": {"action_time": "2025-10-07T07:52:41.318Z", "user": ["09304295788"], "content_type": ["api", "blogpost"], "object_id": "19", "object_repr": "adsad", "action_flag": 3, "change_message": ""}}, {"model": "admin.logentry", "pk": 114, "fields": {"action_time": "2025-10-07T07:52:41.319Z", "user": ["09304295788"], "content_type": ["api", "blogpost"], "object_id": "18", "object_repr": "amiy", "action_flag": 3, "change_message": ""}}, {"model": "admin.logentry", "pk": 115, "fields": {"action_time": "2025-10-07T07:52:41.320Z", "user": ["09304295788"], "content_type": ["api", "blogpost"], "object_id": "1", "object_repr": "چگونه جنس فیک", "action_flag": 3, "change_message": ""}}, {"model": "admin.logentry", "pk": 116, "fields": {"action_time": "2025-10-07T07:55:49.768Z", "user": ["09304295788"], "content_type": ["api", "blogpost"], "object_id": "22", "object_repr": "چگونه جنس فیک را تشخیص دهیم؟", "action_flag": 3, "change_message": ""}}, {"model": "admin.logentry", "pk": 117, "fields": {"action_time": "2025-10-08T14:29:23.938Z", "user": ["09304295788"], "content_type": ["api", "blogpost"], "object_id": "29", "object_repr": "یشس یسشی", "action_flag": 3, "change_message": ""}}, {"model": "admin.logentry", "pk": 118, "fields": {"action_time": "2025-10-08T14:29:23.941Z", "user": ["09304295788"], "content_type": ["api", "blogpost"], "object_id": "28", "object_repr": "بدلیجات اصل", "action_flag": 3, "change_message": ""}}, {"model": "admin.logentry", "pk": 119, "fields": {"action_time": "2025-10-08T14:29:23.941Z", "user": ["09304295788"], "content_type": ["api", "blogpost"], "object_id": "27", "object_repr": "ترند سال 2025", "action_flag": 3, "change_message": ""}}, {"model": "admin.logentry", "pk": 120, "fields": {"action_time": "2025-10-08T14:29:23.942Z", "user": ["09304295788"], "content_type": ["api", "blogpost"], "object_id": "26", "object_repr": "یشسیشس", "action_flag": 3, "change_message": ""}}, {"model": "admin.logentry", "pk": 121, "fields": {"action_time": "2025-10-08T14:29:23.942Z", "user": ["09304295788"], "content_type": ["api", "blogpost"], "object_id": "25", "object_repr": "dsadasd", "action_flag": 3, "change_message": ""}}, {"model": "admin.logentry", "pk": 122, "fields": {"action_time": "2025-10-08T14:29:23.943Z", "user": ["09304295788"], "content_type": ["api", "blogpost"], "object_id": "24", "object_repr": "بلاگ جدید", "action_flag": 3, "change_message": ""}}, {"model": "admin.logentry", "pk": 123, "fields": {"action_time": "2025-10-08T14:29:23.943Z", "user": ["09304295788"], "content_type": ["api", "blogpost"], "object_id": "23", "object_repr": "تشخیص جنس فیک", "action_flag": 3, "change_message": ""}}, {"model": "admin.logentry", "pk": 124, "fields": {"action_time": "2025-10-09T13:32:55.605Z", "user": ["09304295788"], "content_type": ["api", "promocodeuser"], "object_id": "4", "object_repr": "FOTHER - 09141452233 (Unused)", "action_flag": 1, "change_message": "[{\"added\": {}}]"}}, {"model": "admin.logentry", "pk": 125, "fields": {"action_time": "2025-10-09T13:33:05.365Z", "user": ["09304295788"], "content_type": ["api", "promocodeuser"], "object_id": "5", "object_repr": "BIRTHDAY - 09141452233 (Unused)", "action_flag": 1, "change_message": "[{\"added\": {}}]"}}, {"model": "admin.logentry", "pk": 126, "fields": {"action_time": "2025-10-09T13:50:59.320Z", "user": ["09304295788"], "content_type": ["api", "promocodeuser"], "object_id": "5", "object_repr": "BIRTHDAY - 09141452233 (Used)", "action_flag": 2, "change_message": "[{\"changed\": {\"fields\": [\"Used\"]}}]"}}, {"model": "admin.logentry", "pk": 127, "fields": {"action_time": "2025-10-10T06:56:42.948Z", "user": ["09304295788"], "content_type": ["api", "category"], "object_id": "5", "object_repr": "گردنبند", "action_flag": 3, "change_message": ""}}, {"model": "admin.logentry", "pk": 128, "fields": {"action_time": "2025-10-12T06:00:14.531Z", "user": ["09304295788"], "content_type": ["api", "product"], "object_id": "12", "object_repr": "گردنبند لبوبو", "action_flag": 2, "change_message": "[{\"changed\": {\"fields\": [\"Category\"]}}]"}}, {"model": "admin.logentry", "pk": 129, "fields": {"action_time": "2025-10-13T06:48:44.746Z", "user": ["09304295788"], "content_type": ["api", "promocode"], "object_id": "10", "object_repr": "GIRL17DAY", "action_flag": 2, "change_message": "[{\"changed\": {\"fields\": [\"Is global\"]}}]"}}, {"model": "admin.logentry", "pk": 130, "fields": {"action_time": "2025-10-13T08:24:40.017Z", "user": ["09304295788"], "content_type": ["api", "order"], "object_id": "6", "object_repr": "Order #6 - 09304295799", "action_flag": 1, "change_message": "[{\"added\": {}}]"}}, {"model": "admin.logentry", "pk": 131, "fields": {"action_time": "2025-10-13T14:13:19.553Z", "user": ["09304295788"], "content_type": ["api", "order"], "object_id": "8", "object_repr": "Order #8 - 09304295788", "action_flag": 3, "change_message": ""}}, {"model": "admin.logentry", "pk": 132, "fields": {"action_time": "2025-10-13T14:13:19.557Z", "user": ["09304295788"], "content_type": ["api", "order"], "object_id": "7", "object_repr": "Order #7 - 09304295788", "action_flag": 3, "change_message": ""}}, {"model": "admin.logentry", "pk": 133, "fields": {"action_time": "2025-10-13T14:13:19.558Z", "user": ["09304295788"], "content_type": ["api", "order"], "object_id": "6", "object_repr": "Order #6 - 09304295799", "action_flag": 3, "change_message": ""}}, {"model": "admin.logentry", "pk": 134, "fields": {"action_time": "2025-10-13T14:17:37.589Z", "user": ["09304295788"], "content_type": ["api", "order"], "object_id": "11", "object_repr": "Order #11 - 09304295788", "action_flag": 3, "change_message": ""}}, {"model": "admin.logentry", "pk": 135, "fields": {"action_time": "2025-10-13T14:17:37.591Z", "user": ["09304295788"], "content_type": ["api", "order"], "object_id": "10", "object_repr": "Order #10 - 09304295788", "action_flag": 3, "change_message": ""}}, {"model": "admin.logentry", "pk": 136, "fields": {"action_time": "2025-10-13T14:17:37.591Z", "user": ["09304295788"], "content_type": ["api", "order"], "object_id": "9", "object_repr": "Order #9 - 09304295788", "action_flag": 3, "change_message": ""}}, {"model": "admin.logentry", "pk": 137, "fields": {"action_time": "2025-10-13T14:17:53.907Z", "user": ["09304295788"], "content_type": ["api", "promocodeuser"], "object_id": "7", "object_repr": "GIRL17DAY - 09304295788 (Unused)", "action_flag": 2, "change_message": "[{\"changed\": {\"fields\": [\"Used\"]}}]"}}, {"model": "admin.logentry", "pk": 138, "fields": {"action_time": "2025-10-13T14:20:04.654Z", "user": ["09304295788"], "content_type": ["api", "promocodeuser"], "object_id": "7", "object_repr": "GIRL17DAY - 09304295788 (Unused)", "action_flag": 2, "change_message": "[{\"changed\": {\"fields\": [\"Used\"]}}]"}}, {"model": "admin.logentry", "pk": 139, "fields": {"action_time": "2025-10-13T15:21:10.706Z", "user": ["09304295788"], "content_type": ["api", "productimage"], "object_id": "14", "object_repr": "Image for گردنبند لبوبو", "action_flag": 2, "change_message": "[{\"changed\": {\"fields\": [\"Is primary\"]}}]"}}, {"model": "admin.logentry", "pk": 140, "fields": {"action_time": "2025-10-13T15:21:14.455Z", "user": ["09304295788"], "content_type": ["api", "productimage"], "object_id": "5", "object_repr": "Image for دستبند ماری", "action_flag": 2, "change_message": "[{\"changed\": {\"fields\": [\"Is primary\"]}}]"}}, {"model": "admin.logentry", "pk": 141, "fields": {"action_time": "2025-10-13T15:21:17.465Z", "user": ["09304295788"], "content_type": ["api", "productimage"], "object_id": "4", "object_repr": "Image for نهنگ تنها", "action_flag": 2, "change_message": "[{\"changed\": {\"fields\": [\"Is primary\"]}}]"}}, {"model": "admin.logentry", "pk": 142, "fields": {"action_time": "2025-10-13T15:21:20.460Z", "user": ["09304295788"], "content_type": ["api", "productimage"], "object_id": "3", "object_repr": "Image for انگشتر بابونه", "action_flag": 2, "change_message": "[{\"changed\": {\"fields\": [\"Is primary\"]}}]"}}, {"model": "admin.logentry", "pk": 143, "fields": {"action_time": "2025-10-14T06:54:44.529Z", "user": ["09304295788"], "content_type": ["api", "address"], "object_id": "24", "object_repr": "علی مرادی - اردبیل", "action_flag": 3, "change_message": ""}}, {"model": "admin.logentry", "pk": 144, "fields": {"action_time": "2025-10-14T06:54:44.532Z", "user": ["09304295788"], "content_type": ["api", "address"], "object_id": "23", "object_repr": "علی مرادی - آبی بیگلو", "action_flag": 3, "change_message": ""}}, {"model": "admin.logentry", "pk": 145, "fields": {"action_time": "2025-10-14T06:56:12.759Z", "user": ["09304295788"], "content_type": ["api", "address"], "object_id": "27", "object_repr": "علی مرادی - پارس آباد", "action_flag": 3, "change_message": ""}}, {"model": "admin.logentry", "pk": 146, "fields": {"action_time": "2025-10-14T06:56:12.762Z", "user": ["09304295788"], "content_type": ["api", "address"], "object_id": "26", "object_repr": "علی مرادی - اسکو", "action_flag": 3, "change_message": ""}}]